2026-09-20T10:28:39.053-0600 [INFO]  Terraform version: 1.16.1
2026-09-20T10:28:39.053-0600 [DEBUG] using github.com/hashicorp/go-tfe v1.110.0
2026-09-20T10:28:39.053-0600 [DEBUG] using github.com/hashicorp/hcl/v2 v2.24.0
2026-09-20T10:28:39.053-0600 [DEBUG] using github.com/hashicorp/terraform-svchost v0.2.1
2026-09-20T10:28:39.053-0600 [DEBUG] using github.com/zclconf/go-cty v1.18.1
2026-09-20T10:28:39.053-0600 [INFO]  Go runtime version: go1.26.4
2026-09-20T10:28:39.053-0600 [INFO]  CLI args: []string{"terraform", "apply"}
2026-09-20T10:28:39.053-0600 [DEBUG] Attempting to open CLI config file: /home/stawz/.terraformrc
2026-09-20T10:28:39.053-0600 [DEBUG] File doesn't exist, but doesn't need to. Ignoring.
2026-09-20T10:28:39.053-0600 [DEBUG] ignoring non-existing provider search directory terraform.d/plugins
2026-09-20T10:28:39.053-0600 [DEBUG] ignoring non-existing provider search directory /home/stawz/.terraform.d/plugins
2026-09-20T10:28:39.053-0600 [DEBUG] ignoring non-existing provider search directory /home/stawz/.local/share/terraform/plugins
2026-09-20T10:28:39.053-0600 [DEBUG] ignoring non-existing provider search directory /usr/local/share/terraform/plugins
2026-09-20T10:28:39.053-0600 [DEBUG] ignoring non-existing provider search directory /usr/share/terraform/plugins
2026-09-20T10:28:39.053-0600 [DEBUG] ignoring non-existing provider search directory /var/lib/snapd/desktop/terraform/plugins
2026-09-20T10:28:39.054-0600 [INFO]  CLI command args: []string{"apply"}
2026-09-20T10:28:39.096-0600 [DEBUG] checking for provisioner in "."
2026-09-20T10:28:39.099-0600 [DEBUG] checking for provisioner in "/usr/bin"
2026-09-20T10:28:39.100-0600 [INFO]  backend/local: starting Apply operation
2026-09-20T10:28:39.102-0600 [DEBUG] ReferenceTransformer: "module.ubuntu-2604" references: []
2026-09-20T10:28:39.102-0600 [DEBUG] Starting graph walk: walkInit
2026-09-20T10:28:39.102-0600 [WARN]  Error loading schema for registry.terraform.io/bpg/proxmox to determine its functions: failed to instantiate provider "registry.terraform.io/bpg/proxmox" to obtain schema: unavailable provider "registry.terraform.io/bpg/proxmox"
2026-09-20T10:28:39.103-0600 [DEBUG] ReferenceTransformer: "module.ubuntu-2604.var.vm_disk_size (expand)" references: []
2026-09-20T10:28:39.103-0600 [DEBUG] ReferenceTransformer: "module.ubuntu-2604.var.vm_name (expand)" references: []
2026-09-20T10:28:39.103-0600 [DEBUG] ReferenceTransformer: "module.ubuntu-2604.var.vm_id (expand)" references: []
2026-09-20T10:28:39.103-0600 [DEBUG] ReferenceTransformer: "module.ubuntu-2604.var.cpu_cores (expand)" references: []
2026-09-20T10:28:39.103-0600 [DEBUG] ReferenceTransformer: "module.ubuntu-2604.var.mem_dedicated (expand)" references: []
2026-09-20T10:28:39.103-0600 [DEBUG] ReferenceTransformer: "module.ubuntu-2604.var.mem_floating (expand)" references: []
2026-09-20T10:28:39.103-0600 [DEBUG] ReferenceTransformer: "module.ubuntu-2604.var.vm_bridge (expand)" references: []
2026-09-20T10:28:39.103-0600 [DEBUG] created provider logger: level=debug
2026-09-20T10:28:39.103-0600 [INFO]  provider: configuring client automatic mTLS
2026-09-20T10:28:39.115-0600 [DEBUG] provider: starting plugin: path=.terraform/providers/registry.terraform.io/bpg/proxmox/0.112.0/linux_amd64/terraform-provider-proxmox_v0.112.0 args=[".terraform/providers/registry.terraform.io/bpg/proxmox/0.112.0/linux_amd64/terraform-provider-proxmox_v0.112.0"]
2026-09-20T10:28:39.115-0600 [DEBUG] provider: plugin started: path=.terraform/providers/registry.terraform.io/bpg/proxmox/0.112.0/linux_amd64/terraform-provider-proxmox_v0.112.0 pid=24175
2026-09-20T10:28:39.115-0600 [DEBUG] provider: waiting for RPC address: plugin=.terraform/providers/registry.terraform.io/bpg/proxmox/0.112.0/linux_amd64/terraform-provider-proxmox_v0.112.0
2026-09-20T10:28:39.121-0600 [INFO]  provider.terraform-provider-proxmox_v0.112.0: configuring server automatic mTLS: timestamp=2026-09-20T10:28:39.120-0600
2026-09-20T10:28:39.131-0600 [DEBUG] provider: using plugin: version=6
2026-09-20T10:28:39.131-0600 [DEBUG] provider.terraform-provider-proxmox_v0.112.0: plugin address: address=/tmp/plugin2174385623 network=unix timestamp=2026-09-20T10:28:39.131-0600
2026-09-20T10:28:39.170-0600 [DEBUG] provider.stdio: received EOF, stopping recv loop: err="rpc error: code = Unavailable desc = error reading from server: EOF"
2026-09-20T10:28:39.171-0600 [INFO]  provider: plugin process exited: plugin=.terraform/providers/registry.terraform.io/bpg/proxmox/0.112.0/linux_amd64/terraform-provider-proxmox_v0.112.0 id=24175
2026-09-20T10:28:39.171-0600 [DEBUG] provider: plugin exited
2026-09-20T10:28:39.171-0600 [DEBUG] created provider logger: level=debug
2026-09-20T10:28:39.171-0600 [INFO]  provider: configuring client automatic mTLS
2026-09-20T10:28:39.175-0600 [DEBUG] provider: starting plugin: path=.terraform/providers/registry.terraform.io/hashicorp/random/3.9.1/linux_amd64/terraform-provider-random_v3.9.1_x5 args=[".terraform/providers/registry.terraform.io/hashicorp/random/3.9.1/linux_amd64/terraform-provider-random_v3.9.1_x5"]
2026-09-20T10:28:39.175-0600 [DEBUG] provider: plugin started: path=.terraform/providers/registry.terraform.io/hashicorp/random/3.9.1/linux_amd64/terraform-provider-random_v3.9.1_x5 pid=24193
2026-09-20T10:28:39.175-0600 [DEBUG] provider: waiting for RPC address: plugin=.terraform/providers/registry.terraform.io/hashicorp/random/3.9.1/linux_amd64/terraform-provider-random_v3.9.1_x5
2026-09-20T10:28:39.179-0600 [INFO]  provider.terraform-provider-random_v3.9.1_x5: configuring server automatic mTLS: timestamp=2026-09-20T10:28:39.179-0600
2026-09-20T10:28:39.191-0600 [DEBUG] provider: using plugin: version=5
2026-09-20T10:28:39.191-0600 [DEBUG] provider.terraform-provider-random_v3.9.1_x5: plugin address: address=/tmp/plugin4170368170 network=unix timestamp=2026-09-20T10:28:39.191-0600
2026-09-20T10:28:39.204-0600 [DEBUG] No provider meta schema returned
2026-09-20T10:28:39.204-0600 [DEBUG] provider.stdio: received EOF, stopping recv loop: err="rpc error: code = Unavailable desc = error reading from server: EOF"
2026-09-20T10:28:39.205-0600 [INFO]  provider: plugin process exited: plugin=.terraform/providers/registry.terraform.io/hashicorp/random/3.9.1/linux_amd64/terraform-provider-random_v3.9.1_x5 id=24193
2026-09-20T10:28:39.205-0600 [DEBUG] provider: plugin exited
2026-09-20T10:28:39.205-0600 [DEBUG] created provider logger: level=debug
2026-09-20T10:28:39.205-0600 [INFO]  provider: configuring client automatic mTLS
2026-09-20T10:28:39.209-0600 [DEBUG] provider: starting plugin: path=.terraform/providers/registry.terraform.io/hashicorp/tls/4.4.1/linux_amd64/terraform-provider-tls_v4.4.1_x5 args=[".terraform/providers/registry.terraform.io/hashicorp/tls/4.4.1/linux_amd64/terraform-provider-tls_v4.4.1_x5"]
2026-09-20T10:28:39.209-0600 [DEBUG] provider: plugin started: path=.terraform/providers/registry.terraform.io/hashicorp/tls/4.4.1/linux_amd64/terraform-provider-tls_v4.4.1_x5 pid=24206
2026-09-20T10:28:39.209-0600 [DEBUG] provider: waiting for RPC address: plugin=.terraform/providers/registry.terraform.io/hashicorp/tls/4.4.1/linux_amd64/terraform-provider-tls_v4.4.1_x5
2026-09-20T10:28:39.213-0600 [INFO]  provider.terraform-provider-tls_v4.4.1_x5: configuring server automatic mTLS: timestamp=2026-09-20T10:28:39.213-0600
2026-09-20T10:28:39.224-0600 [DEBUG] provider: using plugin: version=5
2026-09-20T10:28:39.224-0600 [DEBUG] provider.terraform-provider-tls_v4.4.1_x5: plugin address: address=/tmp/plugin334844766 network=unix timestamp=2026-09-20T10:28:39.224-0600
2026-09-20T10:28:39.236-0600 [DEBUG] No provider meta schema returned
2026-09-20T10:28:39.237-0600 [DEBUG] provider.stdio: received EOF, stopping recv loop: err="rpc error: code = Unavailable desc = error reading from server: EOF"
2026-09-20T10:28:39.238-0600 [INFO]  provider: plugin process exited: plugin=.terraform/providers/registry.terraform.io/hashicorp/tls/4.4.1/linux_amd64/terraform-provider-tls_v4.4.1_x5 id=24206
2026-09-20T10:28:39.238-0600 [DEBUG] provider: plugin exited
2026-09-20T10:28:39.238-0600 [DEBUG] Building and walking validate graph
2026-09-20T10:28:39.238-0600 [DEBUG] adding implicit provider configuration provider["registry.terraform.io/hashicorp/random"], implied first by module.ubuntu-2604.random_password.ubuntu-2604_password
2026-09-20T10:28:39.238-0600 [DEBUG] adding implicit provider configuration provider["registry.terraform.io/hashicorp/tls"], implied first by module.ubuntu-2604.tls_private_key.ubuntu-2604_key
2026-09-20T10:28:39.238-0600 [DEBUG] adding implicit provider configuration provider["terraform.io/builtin/terraform"], implied first by data.terraform_remote_state.mgmt_state
2026-09-20T10:28:39.238-0600 [DEBUG] ProviderTransformer: "module.ubuntu-2604.proxmox_virtual_environment_vm.ubuntu-2604" (*terraform.NodeValidatableResource) needs module.ubuntu-2604.provider["registry.terraform.io/bpg/proxmox"]
2026-09-20T10:28:39.238-0600 [DEBUG] ProviderTransformer: "module.ubuntu-2604.proxmox_virtual_environment_download_file.ubuntu-2604" (*terraform.NodeValidatableResource) needs module.ubuntu-2604.provider["registry.terraform.io/bpg/proxmox"]
2026-09-20T10:28:39.238-0600 [DEBUG] ProviderTransformer: "module.ubuntu-2604.random_password.ubuntu-2604_password" (*terraform.NodeValidatableResource) needs provider["registry.terraform.io/hashicorp/random"]
2026-09-20T10:28:39.238-0600 [DEBUG] ProviderTransformer: "module.ubuntu-2604.tls_private_key.ubuntu-2604_key" (*terraform.NodeValidatableResource) needs provider["registry.terraform.io/hashicorp/tls"]
2026-09-20T10:28:39.238-0600 [DEBUG] ProviderTransformer: "module.ubuntu-2604.proxmox_virtual_environment_file.cloud_config" (*terraform.NodeValidatableResource) needs module.ubuntu-2604.provider["registry.terraform.io/bpg/proxmox"]
2026-09-20T10:28:39.238-0600 [DEBUG] ProviderTransformer: "data.terraform_remote_state.mgmt_state" (*terraform.NodeValidatableResource) needs provider["terraform.io/builtin/terraform"]
2026-09-20T10:28:39.238-0600 [DEBUG] pruning unused provider["registry.terraform.io/bpg/proxmox"]
2026-09-20T10:28:39.239-0600 [DEBUG] ReferenceTransformer: "module.ubuntu-2604.tls_private_key.ubuntu-2604_key" references: []
2026-09-20T10:28:39.239-0600 [DEBUG] ReferenceTransformer: "module.ubuntu-2604.var.vm_name (expand)" references: []
2026-09-20T10:28:39.239-0600 [DEBUG] ReferenceTransformer: "module.ubuntu-2604.var.vm_id (expand)" references: []
2026-09-20T10:28:39.239-0600 [DEBUG] ReferenceTransformer: "module.ubuntu-2604.output.ubuntu-2604_private_key (expand)" references: [module.ubuntu-2604.tls_private_key.ubuntu-2604_key]
2026-09-20T10:28:39.239-0600 [DEBUG] ReferenceTransformer: "module.ubuntu-2604.output.ubuntu-2604_private_key (expand)" references: module.ubuntu-2604.tls_private_key.ubuntu-2604_key
2026-09-20T10:28:39.239-0600 [DEBUG] ReferenceTransformer: "provider[\"registry.terraform.io/hashicorp/random\"]" references: []
2026-09-20T10:28:39.239-0600 [DEBUG] ReferenceTransformer: "provider[\"registry.terraform.io/hashicorp/tls\"]" references: []
2026-09-20T10:28:39.239-0600 [DEBUG] ReferenceTransformer: "module.ubuntu-2604.proxmox_virtual_environment_file.cloud_config" references: [module.ubuntu-2604.var.vm_name (expand) module.ubuntu-2604.tls_private_key.ubuntu-2604_key]
2026-09-20T10:28:39.239-0600 [DEBUG] ReferenceTransformer: "module.ubuntu-2604.proxmox_virtual_environment_file.cloud_config" references: module.ubuntu-2604.var.vm_name (expand)
2026-09-20T10:28:39.239-0600 [DEBUG] ReferenceTransformer: "module.ubuntu-2604.proxmox_virtual_environment_file.cloud_config" references: module.ubuntu-2604.tls_private_key.ubuntu-2604_key
2026-09-20T10:28:39.239-0600 [DEBUG] ReferenceTransformer: "module.ubuntu-2604.output.ubuntu-2604_public_key (expand)" references: [module.ubuntu-2604.tls_private_key.ubuntu-2604_key]
2026-09-20T10:28:39.239-0600 [DEBUG] ReferenceTransformer: "module.ubuntu-2604.output.ubuntu-2604_public_key (expand)" references: module.ubuntu-2604.tls_private_key.ubuntu-2604_key
2026-09-20T10:28:39.239-0600 [DEBUG] ReferenceTransformer: "module.ubuntu-2604.output.ubuntu-2604_password (expand)" references: [module.ubuntu-2604.random_password.ubuntu-2604_password]
2026-09-20T10:28:39.239-0600 [DEBUG] ReferenceTransformer: "module.ubuntu-2604.output.ubuntu-2604_password (expand)" references: module.ubuntu-2604.random_password.ubuntu-2604_password
2026-09-20T10:28:39.239-0600 [DEBUG] ReferenceTransformer: "module.ubuntu-2604.provider[\"registry.terraform.io/bpg/proxmox\"]" references: []
2026-09-20T10:28:39.239-0600 [DEBUG] ReferenceTransformer: "provider[\"terraform.io/builtin/terraform\"]" references: []
2026-09-20T10:28:39.239-0600 [DEBUG] ReferenceTransformer: "module.ubuntu-2604 (expand)" references: []
2026-09-20T10:28:39.239-0600 [DEBUG] ReferenceTransformer: "data.terraform_remote_state.mgmt_state" references: []
2026-09-20T10:28:39.239-0600 [DEBUG] ReferenceTransformer: "module.ubuntu-2604.proxmox_virtual_environment_vm.ubuntu-2604" references: [module.ubuntu-2604.var.vm_name (expand) module.ubuntu-2604.var.vm_id (expand) module.ubuntu-2604.var.cpu_cores (expand) module.ubuntu-2604.var.mem_dedicated (expand) module.ubuntu-2604.var.mem_floating (expand) module.ubuntu-2604.var.vm_disk_size (expand) module.ubuntu-2604.proxmox_virtual_environment_download_file.ubuntu-2604 module.ubuntu-2604.proxmox_virtual_environment_file.cloud_config module.ubuntu-2604.var.vm_bridge (expand)]
2026-09-20T10:28:39.239-0600 [DEBUG] ReferenceTransformer: "module.ubuntu-2604.proxmox_virtual_environment_vm.ubuntu-2604" references: module.ubuntu-2604.var.vm_name (expand)
2026-09-20T10:28:39.239-0600 [DEBUG] ReferenceTransformer: "module.ubuntu-2604.proxmox_virtual_environment_vm.ubuntu-2604" references: module.ubuntu-2604.var.vm_id (expand)
2026-09-20T10:28:39.239-0600 [DEBUG] ReferenceTransformer: "module.ubuntu-2604.proxmox_virtual_environment_vm.ubuntu-2604" references: module.ubuntu-2604.var.cpu_cores (expand)
2026-09-20T10:28:39.239-0600 [DEBUG] ReferenceTransformer: "module.ubuntu-2604.proxmox_virtual_environment_vm.ubuntu-2604" references: module.ubuntu-2604.var.mem_dedicated (expand)
2026-09-20T10:28:39.239-0600 [DEBUG] ReferenceTransformer: "module.ubuntu-2604.proxmox_virtual_environment_vm.ubuntu-2604" references: module.ubuntu-2604.var.mem_floating (expand)
2026-09-20T10:28:39.239-0600 [DEBUG] ReferenceTransformer: "module.ubuntu-2604.proxmox_virtual_environment_vm.ubuntu-2604" references: module.ubuntu-2604.var.vm_disk_size (expand)
2026-09-20T10:28:39.239-0600 [DEBUG] ReferenceTransformer: "module.ubuntu-2604.proxmox_virtual_environment_vm.ubuntu-2604" references: module.ubuntu-2604.proxmox_virtual_environment_download_file.ubuntu-2604
2026-09-20T10:28:39.239-0600 [DEBUG] ReferenceTransformer: "module.ubuntu-2604.proxmox_virtual_environment_vm.ubuntu-2604" references: module.ubuntu-2604.proxmox_virtual_environment_file.cloud_config
2026-09-20T10:28:39.239-0600 [DEBUG] ReferenceTransformer: "module.ubuntu-2604.proxmox_virtual_environment_vm.ubuntu-2604" references: module.ubuntu-2604.var.vm_bridge (expand)
2026-09-20T10:28:39.239-0600 [DEBUG] ReferenceTransformer: "module.ubuntu-2604.var.vm_bridge (expand)" references: []
2026-09-20T10:28:39.239-0600 [DEBUG] ReferenceTransformer: "module.ubuntu-2604 (close)" references: []
2026-09-20T10:28:39.239-0600 [DEBUG] ReferenceTransformer: "module.ubuntu-2604.proxmox_virtual_environment_download_file.ubuntu-2604" references: []
2026-09-20T10:28:39.239-0600 [DEBUG] ReferenceTransformer: "module.ubuntu-2604.random_password.ubuntu-2604_password" references: []
2026-09-20T10:28:39.239-0600 [DEBUG] ReferenceTransformer: "module.ubuntu-2604.var.cpu_cores (expand)" references: []
2026-09-20T10:28:39.239-0600 [DEBUG] ReferenceTransformer: "module.ubuntu-2604.var.mem_dedicated (expand)" references: []
2026-09-20T10:28:39.239-0600 [DEBUG] ReferenceTransformer: "module.ubuntu-2604.var.mem_floating (expand)" references: []
2026-09-20T10:28:39.239-0600 [DEBUG] ReferenceTransformer: "module.ubuntu-2604.var.vm_disk_size (expand)" references: []
2026-09-20T10:28:39.239-0600 [DEBUG] Starting graph walk: walkValidate
2026-09-20T10:28:39.240-0600 [DEBUG] No policy client configured, skipping policy evaluation for module.ubuntu-2604
2026-09-20T10:28:39.240-0600 [DEBUG] created provider logger: level=debug
2026-09-20T10:28:39.240-0600 [INFO]  provider: configuring client automatic mTLS
2026-09-20T10:28:39.245-0600 [DEBUG] provider: starting plugin: path=.terraform/providers/registry.terraform.io/hashicorp/random/3.9.1/linux_amd64/terraform-provider-random_v3.9.1_x5 args=[".terraform/providers/registry.terraform.io/hashicorp/random/3.9.1/linux_amd64/terraform-provider-random_v3.9.1_x5"]
2026-09-20T10:28:39.246-0600 [DEBUG] provider: plugin started: path=.terraform/providers/registry.terraform.io/hashicorp/random/3.9.1/linux_amd64/terraform-provider-random_v3.9.1_x5 pid=24222
2026-09-20T10:28:39.246-0600 [DEBUG] provider: waiting for RPC address: plugin=.terraform/providers/registry.terraform.io/hashicorp/random/3.9.1/linux_amd64/terraform-provider-random_v3.9.1_x5
2026-09-20T10:28:39.249-0600 [INFO]  provider.terraform-provider-random_v3.9.1_x5: configuring server automatic mTLS: timestamp=2026-09-20T10:28:39.249-0600
2026-09-20T10:28:39.262-0600 [DEBUG] provider: using plugin: version=5
2026-09-20T10:28:39.262-0600 [DEBUG] provider.terraform-provider-random_v3.9.1_x5: plugin address: address=/tmp/plugin1568684026 network=unix timestamp=2026-09-20T10:28:39.262-0600
2026-09-20T10:28:39.270-0600 [DEBUG] created provider logger: level=debug
2026-09-20T10:28:39.270-0600 [INFO]  provider: configuring client automatic mTLS
2026-09-20T10:28:39.274-0600 [DEBUG] provider: starting plugin: path=.terraform/providers/registry.terraform.io/bpg/proxmox/0.112.0/linux_amd64/terraform-provider-proxmox_v0.112.0 args=[".terraform/providers/registry.terraform.io/bpg/proxmox/0.112.0/linux_amd64/terraform-provider-proxmox_v0.112.0"]
2026-09-20T10:28:39.274-0600 [DEBUG] provider: plugin started: path=.terraform/providers/registry.terraform.io/bpg/proxmox/0.112.0/linux_amd64/terraform-provider-proxmox_v0.112.0 pid=24237
2026-09-20T10:28:39.274-0600 [DEBUG] provider: waiting for RPC address: plugin=.terraform/providers/registry.terraform.io/bpg/proxmox/0.112.0/linux_amd64/terraform-provider-proxmox_v0.112.0
2026-09-20T10:28:39.280-0600 [INFO]  provider.terraform-provider-proxmox_v0.112.0: configuring server automatic mTLS: timestamp=2026-09-20T10:28:39.280-0600
2026-09-20T10:28:39.289-0600 [DEBUG] provider: using plugin: version=6
2026-09-20T10:28:39.289-0600 [DEBUG] provider.terraform-provider-proxmox_v0.112.0: plugin address: address=/tmp/plugin1708750039 network=unix timestamp=2026-09-20T10:28:39.289-0600
2026-09-20T10:28:39.298-0600 [DEBUG] created provider logger: level=debug
2026-09-20T10:28:39.298-0600 [INFO]  provider: configuring client automatic mTLS
2026-09-20T10:28:39.302-0600 [DEBUG] provider: starting plugin: path=.terraform/providers/registry.terraform.io/hashicorp/tls/4.4.1/linux_amd64/terraform-provider-tls_v4.4.1_x5 args=[".terraform/providers/registry.terraform.io/hashicorp/tls/4.4.1/linux_amd64/terraform-provider-tls_v4.4.1_x5"]
2026-09-20T10:28:39.302-0600 [DEBUG] provider: plugin started: path=.terraform/providers/registry.terraform.io/hashicorp/tls/4.4.1/linux_amd64/terraform-provider-tls_v4.4.1_x5 pid=24249
2026-09-20T10:28:39.302-0600 [DEBUG] provider: waiting for RPC address: plugin=.terraform/providers/registry.terraform.io/hashicorp/tls/4.4.1/linux_amd64/terraform-provider-tls_v4.4.1_x5
2026-09-20T10:28:39.307-0600 [INFO]  provider.terraform-provider-tls_v4.4.1_x5: configuring server automatic mTLS: timestamp=2026-09-20T10:28:39.307-0600
2026-09-20T10:28:39.318-0600 [DEBUG] provider.terraform-provider-tls_v4.4.1_x5: plugin address: address=/tmp/plugin1774218565 network=unix timestamp=2026-09-20T10:28:39.318-0600
2026-09-20T10:28:39.318-0600 [DEBUG] provider: using plugin: version=5
2026-09-20T10:28:39.327-0600 [DEBUG] Initializing remote state backend: local
2026-09-20T10:28:39.327-0600 [DEBUG] provider.stdio: received EOF, stopping recv loop: err="rpc error: code = Unavailable desc = error reading from server: EOF"
2026-09-20T10:28:39.327-0600 [INFO]  provider: plugin process exited: plugin=.terraform/providers/registry.terraform.io/hashicorp/random/3.9.1/linux_amd64/terraform-provider-random_v3.9.1_x5 id=24222
2026-09-20T10:28:39.327-0600 [DEBUG] provider: plugin exited
2026-09-20T10:28:39.330-0600 [DEBUG] provider.stdio: received EOF, stopping recv loop: err="rpc error: code = Unavailable desc = error reading from server: EOF"
2026-09-20T10:28:39.330-0600 [INFO]  provider: plugin process exited: plugin=.terraform/providers/registry.terraform.io/hashicorp/tls/4.4.1/linux_amd64/terraform-provider-tls_v4.4.1_x5 id=24249
2026-09-20T10:28:39.330-0600 [DEBUG] provider: plugin exited
2026-09-20T10:28:39.333-0600 [WARN]  provider.terraform-provider-proxmox_v0.112.0: Response contains warning diagnostic: @caller=/home/runner/go/pkg/mod/github.com/hashicorp/terraform-plugin-go@v0.31.0/tfprotov6/internal/diag/diagnostics.go:60 @module=sdk.proto diagnostic_detail="Use \"proxmox_download_file\" instead. This resource / data source will be removed in v1.0." diagnostic_summary=Deprecated tf_resource_type=proxmox_virtual_environment_download_file tf_rpc=ValidateResourceConfig diagnostic_severity=WARNING tf_proto_version=6.11 tf_provider_addr=registry.terraform.io/bpg/proxmox tf_req_id=8238b75d-d510-abfc-49e3-50e60a519cc5 timestamp=2026-09-20T10:28:39.333-0600
2026-09-20T10:28:39.336-0600 [DEBUG] provider.stdio: received EOF, stopping recv loop: err="rpc error: code = Unavailable desc = error reading from server: EOF"
2026-09-20T10:28:39.336-0600 [INFO]  provider: plugin process exited: plugin=.terraform/providers/registry.terraform.io/bpg/proxmox/0.112.0/linux_amd64/terraform-provider-proxmox_v0.112.0 id=24237
2026-09-20T10:28:39.336-0600 [DEBUG] provider: plugin exited
2026-09-20T10:28:39.337-0600 [INFO]  backend/local: apply calling Plan
2026-09-20T10:28:39.337-0600 [DEBUG] Building and walking plan graph for NormalMode
2026-09-20T10:28:39.337-0600 [DEBUG] adding implicit provider configuration provider["registry.terraform.io/hashicorp/random"], implied first by module.ubuntu-2604.random_password.ubuntu-2604_password (expand)
2026-09-20T10:28:39.337-0600 [DEBUG] adding implicit provider configuration provider["terraform.io/builtin/terraform"], implied first by data.terraform_remote_state.mgmt_state (expand)
2026-09-20T10:28:39.337-0600 [DEBUG] adding implicit provider configuration provider["registry.terraform.io/hashicorp/tls"], implied first by module.ubuntu-2604.tls_private_key.ubuntu-2604_key (expand)
2026-09-20T10:28:39.337-0600 [DEBUG] ProviderTransformer: "module.ubuntu-2604.random_password.ubuntu-2604_password (expand)" (*terraform.nodeExpandPlannableResource) needs provider["registry.terraform.io/hashicorp/random"]
2026-09-20T10:28:39.337-0600 [DEBUG] ProviderTransformer: "module.ubuntu-2604.proxmox_virtual_environment_vm.ubuntu-2604 (expand)" (*terraform.nodeExpandPlannableResource) needs module.ubuntu-2604.provider["registry.terraform.io/bpg/proxmox"]
2026-09-20T10:28:39.337-0600 [DEBUG] ProviderTransformer: "data.terraform_remote_state.mgmt_state (expand)" (*terraform.nodeExpandPlannableResource) needs provider["terraform.io/builtin/terraform"]
2026-09-20T10:28:39.337-0600 [DEBUG] ProviderTransformer: "module.ubuntu-2604.tls_private_key.ubuntu-2604_key (expand)" (*terraform.nodeExpandPlannableResource) needs provider["registry.terraform.io/hashicorp/tls"]
2026-09-20T10:28:39.337-0600 [DEBUG] ProviderTransformer: "module.ubuntu-2604.proxmox_virtual_environment_file.cloud_config (expand)" (*terraform.nodeExpandPlannableResource) needs module.ubuntu-2604.provider["registry.terraform.io/bpg/proxmox"]
2026-09-20T10:28:39.337-0600 [DEBUG] ProviderTransformer: "module.ubuntu-2604.proxmox_virtual_environment_download_file.ubuntu-2604 (expand)" (*terraform.nodeExpandPlannableResource) needs module.ubuntu-2604.provider["registry.terraform.io/bpg/proxmox"]
2026-09-20T10:28:39.337-0600 [DEBUG] pruning unused provider["registry.terraform.io/bpg/proxmox"]
2026-09-20T10:28:39.337-0600 [DEBUG] ReferenceTransformer: "module.ubuntu-2604.var.vm_name (expand)" references: []
2026-09-20T10:28:39.337-0600 [DEBUG] ReferenceTransformer: "module.ubuntu-2604.var.vm_id (expand)" references: []
2026-09-20T10:28:39.337-0600 [DEBUG] ReferenceTransformer: "module.ubuntu-2604.output.ubuntu-2604_password (expand)" references: [module.ubuntu-2604.random_password.ubuntu-2604_password (expand)]
2026-09-20T10:28:39.337-0600 [DEBUG] ReferenceTransformer: "module.ubuntu-2604.output.ubuntu-2604_password (expand)" references: module.ubuntu-2604.random_password.ubuntu-2604_password (expand)
2026-09-20T10:28:39.337-0600 [DEBUG] ReferenceTransformer: "module.ubuntu-2604 (expand)" references: []
2026-09-20T10:28:39.337-0600 [DEBUG] ReferenceTransformer: "module.ubuntu-2604.provider[\"registry.terraform.io/bpg/proxmox\"]" references: []
2026-09-20T10:28:39.337-0600 [DEBUG] ReferenceTransformer: "module.ubuntu-2604.proxmox_virtual_environment_file.cloud_config (expand)" references: [module.ubuntu-2604.var.vm_name (expand) module.ubuntu-2604.tls_private_key.ubuntu-2604_key (expand)]
2026-09-20T10:28:39.337-0600 [DEBUG] ReferenceTransformer: "module.ubuntu-2604.proxmox_virtual_environment_file.cloud_config (expand)" references: module.ubuntu-2604.var.vm_name (expand)
2026-09-20T10:28:39.337-0600 [DEBUG] ReferenceTransformer: "module.ubuntu-2604.proxmox_virtual_environment_file.cloud_config (expand)" references: module.ubuntu-2604.tls_private_key.ubuntu-2604_key (expand)
2026-09-20T10:28:39.337-0600 [DEBUG] ReferenceTransformer: "module.ubuntu-2604.proxmox_virtual_environment_download_file.ubuntu-2604 (expand)" references: []
2026-09-20T10:28:39.337-0600 [DEBUG] ReferenceTransformer: "module.ubuntu-2604.random_password.ubuntu-2604_password (expand)" references: []
2026-09-20T10:28:39.337-0600 [DEBUG] ReferenceTransformer: "module.ubuntu-2604.var.vm_disk_size (expand)" references: []
2026-09-20T10:28:39.337-0600 [DEBUG] ReferenceTransformer: "module.ubuntu-2604.var.mem_floating (expand)" references: []
2026-09-20T10:28:39.337-0600 [DEBUG] ReferenceTransformer: "module.ubuntu-2604.output.ubuntu-2604_private_key (expand)" references: [module.ubuntu-2604.tls_private_key.ubuntu-2604_key (expand)]
2026-09-20T10:28:39.337-0600 [DEBUG] ReferenceTransformer: "module.ubuntu-2604.output.ubuntu-2604_private_key (expand)" references: module.ubuntu-2604.tls_private_key.ubuntu-2604_key (expand)
2026-09-20T10:28:39.337-0600 [DEBUG] ReferenceTransformer: "provider[\"terraform.io/builtin/terraform\"]" references: []
2026-09-20T10:28:39.337-0600 [DEBUG] ReferenceTransformer: "provider[\"registry.terraform.io/hashicorp/tls\"]" references: []
2026-09-20T10:28:39.337-0600 [DEBUG] ReferenceTransformer: "module.ubuntu-2604.proxmox_virtual_environment_vm.ubuntu-2604 (expand)" references: [module.ubuntu-2604.var.vm_name (expand) module.ubuntu-2604.var.vm_id (expand) module.ubuntu-2604.var.cpu_cores (expand) module.ubuntu-2604.var.mem_dedicated (expand) module.ubuntu-2604.var.mem_floating (expand) module.ubuntu-2604.var.vm_disk_size (expand) module.ubuntu-2604.proxmox_virtual_environment_download_file.ubuntu-2604 (expand) module.ubuntu-2604.proxmox_virtual_environment_file.cloud_config (expand) module.ubuntu-2604.var.vm_bridge (expand)]
2026-09-20T10:28:39.338-0600 [DEBUG] ReferenceTransformer: "module.ubuntu-2604.proxmox_virtual_environment_vm.ubuntu-2604 (expand)" references: module.ubuntu-2604.var.vm_name (expand)
2026-09-20T10:28:39.338-0600 [DEBUG] ReferenceTransformer: "module.ubuntu-2604.proxmox_virtual_environment_vm.ubuntu-2604 (expand)" references: module.ubuntu-2604.var.vm_id (expand)
2026-09-20T10:28:39.338-0600 [DEBUG] ReferenceTransformer: "module.ubuntu-2604.proxmox_virtual_environment_vm.ubuntu-2604 (expand)" references: module.ubuntu-2604.var.cpu_cores (expand)
2026-09-20T10:28:39.338-0600 [DEBUG] ReferenceTransformer: "module.ubuntu-2604.proxmox_virtual_environment_vm.ubuntu-2604 (expand)" references: module.ubuntu-2604.var.mem_dedicated (expand)
2026-09-20T10:28:39.338-0600 [DEBUG] ReferenceTransformer: "module.ubuntu-2604.proxmox_virtual_environment_vm.ubuntu-2604 (expand)" references: module.ubuntu-2604.var.mem_floating (expand)
2026-09-20T10:28:39.338-0600 [DEBUG] ReferenceTransformer: "module.ubuntu-2604.proxmox_virtual_environment_vm.ubuntu-2604 (expand)" references: module.ubuntu-2604.var.vm_disk_size (expand)
2026-09-20T10:28:39.338-0600 [DEBUG] ReferenceTransformer: "module.ubuntu-2604.proxmox_virtual_environment_vm.ubuntu-2604 (expand)" references: module.ubuntu-2604.proxmox_virtual_environment_download_file.ubuntu-2604 (expand)
2026-09-20T10:28:39.338-0600 [DEBUG] ReferenceTransformer: "module.ubuntu-2604.proxmox_virtual_environment_vm.ubuntu-2604 (expand)" references: module.ubuntu-2604.proxmox_virtual_environment_file.cloud_config (expand)
2026-09-20T10:28:39.338-0600 [DEBUG] ReferenceTransformer: "module.ubuntu-2604.proxmox_virtual_environment_vm.ubuntu-2604 (expand)" references: module.ubuntu-2604.var.vm_bridge (expand)
2026-09-20T10:28:39.338-0600 [DEBUG] ReferenceTransformer: "module.ubuntu-2604.var.mem_dedicated (expand)" references: []
2026-09-20T10:28:39.338-0600 [DEBUG] ReferenceTransformer: "module.ubuntu-2604.output.ubuntu-2604_public_key (expand)" references: [module.ubuntu-2604.tls_private_key.ubuntu-2604_key (expand)]
2026-09-20T10:28:39.338-0600 [DEBUG] ReferenceTransformer: "module.ubuntu-2604.output.ubuntu-2604_public_key (expand)" references: module.ubuntu-2604.tls_private_key.ubuntu-2604_key (expand)
2026-09-20T10:28:39.338-0600 [DEBUG] ReferenceTransformer: "provider[\"registry.terraform.io/hashicorp/random\"]" references: []
2026-09-20T10:28:39.338-0600 [DEBUG] ReferenceTransformer: "module.ubuntu-2604.var.vm_bridge (expand)" references: []
2026-09-20T10:28:39.338-0600 [DEBUG] ReferenceTransformer: "data.terraform_remote_state.mgmt_state (expand)" references: []
2026-09-20T10:28:39.338-0600 [DEBUG] ReferenceTransformer: "module.ubuntu-2604.tls_private_key.ubuntu-2604_key (expand)" references: []
2026-09-20T10:28:39.338-0600 [DEBUG] ReferenceTransformer: "module.ubuntu-2604.var.cpu_cores (expand)" references: []
2026-09-20T10:28:39.338-0600 [DEBUG] ReferenceTransformer: "module.ubuntu-2604 (close)" references: []
2026-09-20T10:28:39.338-0600 [DEBUG] Starting graph walk: walkPlan
2026-09-20T10:28:39.338-0600 [DEBUG] created provider logger: level=debug
2026-09-20T10:28:39.338-0600 [DEBUG] No policy client configured, skipping policy evaluation for module.ubuntu-2604
2026-09-20T10:28:39.338-0600 [INFO]  provider: configuring client automatic mTLS
2026-09-20T10:28:39.342-0600 [DEBUG] provider: starting plugin: path=.terraform/providers/registry.terraform.io/hashicorp/tls/4.4.1/linux_amd64/terraform-provider-tls_v4.4.1_x5 args=[".terraform/providers/registry.terraform.io/hashicorp/tls/4.4.1/linux_amd64/terraform-provider-tls_v4.4.1_x5"]
2026-09-20T10:28:39.343-0600 [DEBUG] provider: plugin started: path=.terraform/providers/registry.terraform.io/hashicorp/tls/4.4.1/linux_amd64/terraform-provider-tls_v4.4.1_x5 pid=24266
2026-09-20T10:28:39.343-0600 [DEBUG] provider: waiting for RPC address: plugin=.terraform/providers/registry.terraform.io/hashicorp/tls/4.4.1/linux_amd64/terraform-provider-tls_v4.4.1_x5
2026-09-20T10:28:39.346-0600 [INFO]  provider.terraform-provider-tls_v4.4.1_x5: configuring server automatic mTLS: timestamp=2026-09-20T10:28:39.346-0600
2026-09-20T10:28:39.358-0600 [DEBUG] provider: using plugin: version=5
2026-09-20T10:28:39.358-0600 [DEBUG] provider.terraform-provider-tls_v4.4.1_x5: plugin address: address=/tmp/plugin3370100656 network=unix timestamp=2026-09-20T10:28:39.358-0600
2026-09-20T10:28:39.367-0600 [DEBUG] created provider logger: level=debug
2026-09-20T10:28:39.367-0600 [INFO]  provider: configuring client automatic mTLS
2026-09-20T10:28:39.371-0600 [DEBUG] provider: starting plugin: path=.terraform/providers/registry.terraform.io/hashicorp/random/3.9.1/linux_amd64/terraform-provider-random_v3.9.1_x5 args=[".terraform/providers/registry.terraform.io/hashicorp/random/3.9.1/linux_amd64/terraform-provider-random_v3.9.1_x5"]
2026-09-20T10:28:39.371-0600 [DEBUG] provider: plugin started: path=.terraform/providers/registry.terraform.io/hashicorp/random/3.9.1/linux_amd64/terraform-provider-random_v3.9.1_x5 pid=24277
2026-09-20T10:28:39.371-0600 [DEBUG] provider: waiting for RPC address: plugin=.terraform/providers/registry.terraform.io/hashicorp/random/3.9.1/linux_amd64/terraform-provider-random_v3.9.1_x5
2026-09-20T10:28:39.375-0600 [INFO]  provider.terraform-provider-random_v3.9.1_x5: configuring server automatic mTLS: timestamp=2026-09-20T10:28:39.375-0600
2026-09-20T10:28:39.388-0600 [DEBUG] provider.terraform-provider-random_v3.9.1_x5: plugin address: address=/tmp/plugin1680727558 network=unix timestamp=2026-09-20T10:28:39.388-0600
2026-09-20T10:28:39.388-0600 [DEBUG] provider: using plugin: version=5
2026-09-20T10:28:39.397-0600 [DEBUG] No policy client configured, skipping policy evaluation for provider["terraform.io/builtin/terraform"]
2026-09-20T10:28:39.397-0600 [DEBUG] created provider logger: level=debug
2026-09-20T10:28:39.397-0600 [INFO]  provider: configuring client automatic mTLS
2026-09-20T10:28:39.397-0600 [DEBUG] provider.terraform-provider-tls_v4.4.1_x5: Configuring provider: @module=tls tf_provider_addr=registry.terraform.io/hashicorp/tls tf_req_id=7b777876-1bd8-c0db-f90d-532b86250cdb tf_rpc=Configure @caller=github.com/hashicorp/terraform-provider-tls/internal/provider/provider.go:109 timestamp=2026-09-20T10:28:39.397-0600
2026-09-20T10:28:39.397-0600 [DEBUG] provider.terraform-provider-tls_v4.4.1_x5: No proxy configuration detected: using provider defaults: tf_rpc=Configure @caller=github.com/hashicorp/terraform-provider-tls/internal/provider/provider.go:126 @module=tls tf_provider_addr=registry.terraform.io/hashicorp/tls tf_req_id=7b777876-1bd8-c0db-f90d-532b86250cdb timestamp=2026-09-20T10:28:39.397-0600
2026-09-20T10:28:39.397-0600 [DEBUG] No policy client configured, skipping policy evaluation for provider["registry.terraform.io/hashicorp/tls"]
2026-09-20T10:28:39.401-0600 [DEBUG] provider: starting plugin: path=.terraform/providers/registry.terraform.io/bpg/proxmox/0.112.0/linux_amd64/terraform-provider-proxmox_v0.112.0 args=[".terraform/providers/registry.terraform.io/bpg/proxmox/0.112.0/linux_amd64/terraform-provider-proxmox_v0.112.0"]
2026-09-20T10:28:39.401-0600 [DEBUG] provider: plugin started: path=.terraform/providers/registry.terraform.io/bpg/proxmox/0.112.0/linux_amd64/terraform-provider-proxmox_v0.112.0 pid=24285
2026-09-20T10:28:39.401-0600 [DEBUG] provider: waiting for RPC address: plugin=.terraform/providers/registry.terraform.io/bpg/proxmox/0.112.0/linux_amd64/terraform-provider-proxmox_v0.112.0
2026-09-20T10:28:39.407-0600 [INFO]  provider.terraform-provider-proxmox_v0.112.0: configuring server automatic mTLS: timestamp=2026-09-20T10:28:39.406-0600
2026-09-20T10:28:39.416-0600 [DEBUG] provider.terraform-provider-proxmox_v0.112.0: plugin address: address=/tmp/plugin2320060729 network=unix timestamp=2026-09-20T10:28:39.416-0600
2026-09-20T10:28:39.416-0600 [DEBUG] provider: using plugin: version=6
2026-09-20T10:28:39.425-0600 [DEBUG] Initializing remote state backend: local
[0m[1mdata.terraform_remote_state.mgmt_state: Reading...[0m[0m
2026-09-20T10:28:39.425-0600 [DEBUG] Initializing remote state backend: local
[0m[1mdata.terraform_remote_state.mgmt_state: Read complete after 0s[0m
2026-09-20T10:28:39.426-0600 [DEBUG] No policy client configured, skipping policy evaluation for provider["registry.terraform.io/hashicorp/random"]
[0m[1mmodule.ubuntu-2604.tls_private_key.ubuntu-2604_key: Refreshing state... [id=5819b7dfbf65c29bbb9c2bed1195c045dbf34786][0m
2026-09-20T10:28:39.427-0600 [DEBUG] provider.terraform-provider-tls_v4.4.1_x5: Reading private key from state: tf_provider_addr=registry.terraform.io/hashicorp/tls tf_req_id=b6a9577f-372d-0acb-6347-bc29f0cc4f29 tf_rpc=ReadResource @caller=github.com/hashicorp/terraform-provider-tls/internal/provider/resource_private_key.go:267 @module=tls tf_resource_type=tls_private_key timestamp=2026-09-20T10:28:39.427-0600
2026-09-20T10:28:39.427-0600 [DEBUG] provider.terraform-provider-tls_v4.4.1_x5: Value switched to prior value due to semantic equality logic: @caller=github.com/hashicorp/terraform-plugin-framework@v1.19.0/internal/fwschemadata/value_semantic_equality.go:91 tf_provider_addr=registry.terraform.io/hashicorp/tls tf_req_id=b6a9577f-372d-0acb-6347-bc29f0cc4f29 tf_rpc=ReadResource @module=sdk.framework tf_attribute_path=public_key_openssh tf_resource_type=tls_private_key timestamp=2026-09-20T10:28:39.427-0600
2026-09-20T10:28:39.427-0600 [DEBUG] provider.terraform-provider-tls_v4.4.1_x5: Value switched to prior value due to semantic equality logic: @module=sdk.framework tf_provider_addr=registry.terraform.io/hashicorp/tls tf_req_id=b6a9577f-372d-0acb-6347-bc29f0cc4f29 tf_resource_type=tls_private_key @caller=github.com/hashicorp/terraform-plugin-framework@v1.19.0/internal/fwschemadata/value_semantic_equality.go:91 tf_attribute_path=public_key_fingerprint_sha256 tf_rpc=ReadResource timestamp=2026-09-20T10:28:39.427-0600
2026-09-20T10:28:39.427-0600 [DEBUG] provider.terraform-provider-tls_v4.4.1_x5: Value switched to prior value due to semantic equality logic: @module=sdk.framework tf_attribute_path=private_key_pem tf_resource_type=tls_private_key @caller=github.com/hashicorp/terraform-plugin-framework@v1.19.0/internal/fwschemadata/value_semantic_equality.go:91 tf_provider_addr=registry.terraform.io/hashicorp/tls tf_req_id=b6a9577f-372d-0acb-6347-bc29f0cc4f29 tf_rpc=ReadResource timestamp=2026-09-20T10:28:39.427-0600
2026-09-20T10:28:39.427-0600 [DEBUG] provider.terraform-provider-tls_v4.4.1_x5: Value switched to prior value due to semantic equality logic: @caller=github.com/hashicorp/terraform-plugin-framework@v1.19.0/internal/fwschemadata/value_semantic_equality.go:91 @module=sdk.framework tf_attribute_path=private_key_openssh tf_resource_type=tls_private_key tf_provider_addr=registry.terraform.io/hashicorp/tls tf_req_id=b6a9577f-372d-0acb-6347-bc29f0cc4f29 tf_rpc=ReadResource timestamp=2026-09-20T10:28:39.427-0600
2026-09-20T10:28:39.427-0600 [DEBUG] provider.terraform-provider-tls_v4.4.1_x5: Value switched to prior value due to semantic equality logic: @caller=github.com/hashicorp/terraform-plugin-framework@v1.19.0/internal/fwschemadata/value_semantic_equality.go:91 @module=sdk.framework tf_attribute_path=public_key_pem tf_provider_addr=registry.terraform.io/hashicorp/tls tf_req_id=b6a9577f-372d-0acb-6347-bc29f0cc4f29 tf_resource_type=tls_private_key tf_rpc=ReadResource timestamp=2026-09-20T10:28:39.427-0600
2026-09-20T10:28:39.427-0600 [DEBUG] provider.terraform-provider-tls_v4.4.1_x5: Value switched to prior value due to semantic equality logic: tf_resource_type=tls_private_key tf_rpc=ReadResource @caller=github.com/hashicorp/terraform-plugin-framework@v1.19.0/internal/fwschemadata/value_semantic_equality.go:91 @module=sdk.framework tf_req_id=b6a9577f-372d-0acb-6347-bc29f0cc4f29 tf_attribute_path=algorithm tf_provider_addr=registry.terraform.io/hashicorp/tls timestamp=2026-09-20T10:28:39.427-0600
2026-09-20T10:28:39.427-0600 [DEBUG] provider.terraform-provider-tls_v4.4.1_x5: Value switched to prior value due to semantic equality logic: @module=sdk.framework tf_attribute_path=ecdsa_curve tf_req_id=b6a9577f-372d-0acb-6347-bc29f0cc4f29 tf_resource_type=tls_private_key @caller=github.com/hashicorp/terraform-plugin-framework@v1.19.0/internal/fwschemadata/value_semantic_equality.go:91 tf_provider_addr=registry.terraform.io/hashicorp/tls tf_rpc=ReadResource timestamp=2026-09-20T10:28:39.427-0600
2026-09-20T10:28:39.427-0600 [DEBUG] provider.terraform-provider-tls_v4.4.1_x5: Value switched to prior value due to semantic equality logic: tf_provider_addr=registry.terraform.io/hashicorp/tls tf_req_id=b6a9577f-372d-0acb-6347-bc29f0cc4f29 tf_resource_type=tls_private_key tf_rpc=ReadResource @caller=github.com/hashicorp/terraform-plugin-framework@v1.19.0/internal/fwschemadata/value_semantic_equality.go:91 @module=sdk.framework tf_attribute_path=private_key_pem_pkcs8 timestamp=2026-09-20T10:28:39.427-0600
2026-09-20T10:28:39.427-0600 [DEBUG] provider.terraform-provider-tls_v4.4.1_x5: Value switched to prior value due to semantic equality logic: tf_attribute_path=public_key_fingerprint_md5 tf_resource_type=tls_private_key @module=sdk.framework tf_provider_addr=registry.terraform.io/hashicorp/tls tf_req_id=b6a9577f-372d-0acb-6347-bc29f0cc4f29 tf_rpc=ReadResource @caller=github.com/hashicorp/terraform-plugin-framework@v1.19.0/internal/fwschemadata/value_semantic_equality.go:91 timestamp=2026-09-20T10:28:39.427-0600
2026-09-20T10:28:39.428-0600 [DEBUG] provider.terraform-provider-tls_v4.4.1_x5: Value switched to prior value due to semantic equality logic: @caller=github.com/hashicorp/terraform-plugin-framework@v1.19.0/internal/fwschemadata/value_semantic_equality.go:91 @module=sdk.framework tf_attribute_path=id tf_provider_addr=registry.terraform.io/hashicorp/tls tf_req_id=b6a9577f-372d-0acb-6347-bc29f0cc4f29 tf_resource_type=tls_private_key tf_rpc=ReadResource timestamp=2026-09-20T10:28:39.427-0600
2026-09-20T10:28:39.428-0600 [DEBUG] provider.terraform-provider-tls_v4.4.1_x5: Value switched to prior value due to semantic equality logic: tf_rpc=ReadResource @module=sdk.framework tf_provider_addr=registry.terraform.io/hashicorp/tls @caller=github.com/hashicorp/terraform-plugin-framework@v1.19.0/internal/fwschemadata/value_semantic_equality.go:91 tf_attribute_path=rsa_bits tf_req_id=b6a9577f-372d-0acb-6347-bc29f0cc4f29 tf_resource_type=tls_private_key timestamp=2026-09-20T10:28:39.428-0600
2026-09-20T10:28:39.428-0600 [INFO]  provider.terraform-provider-proxmox_v0.112.0: Configuring the Framework Proxmox provider...: tf_req_id=a9ebd11c-ccef-c67d-d154-7f7d8e0d91ee tf_rpc=ConfigureProvider @module=proxmox tf_mux_provider="*proto6server.Server" tf_provider_addr=registry.terraform.io/bpg/proxmox @caller=/home/runner/work/terraform-provider-proxmox/terraform-provider-proxmox/fwprovider/provider.go:305 timestamp=2026-09-20T10:28:39.428-0600
2026-09-20T10:28:39.429-0600 [INFO]  provider.terraform-provider-proxmox_v0.112.0: Configuring the SDK Proxmox provider...: tf_req_id=a9ebd11c-ccef-c67d-d154-7f7d8e0d91ee tf_rpc=ConfigureProvider @module=proxmox tf_mux_provider=tf5to6server.v5tov6Server tf_provider_addr=registry.terraform.io/bpg/proxmox @caller=/home/runner/work/terraform-provider-proxmox/terraform-provider-proxmox/proxmoxtf/provider/provider.go:50 timestamp=2026-09-20T10:28:39.429-0600
2026-09-20T10:28:39.430-0600 [DEBUG] No policy client configured, skipping policy evaluation for module.ubuntu-2604.provider["registry.terraform.io/bpg/proxmox"]
[0m[1mmodule.ubuntu-2604.random_password.ubuntu-2604_password: Refreshing state... [id=none][0m
2026-09-20T10:28:39.431-0600 [DEBUG] provider.terraform-provider-random_v3.9.1_x5: Value switched to prior value due to semantic equality logic: tf_attribute_path=length tf_provider_addr=registry.terraform.io/hashicorp/random tf_resource_type=random_password tf_rpc=ReadResource @caller=github.com/hashicorp/terraform-plugin-framework@v1.19.0/internal/fwschemadata/value_semantic_equality.go:91 @module=sdk.framework tf_req_id=c1fd15d0-8643-aa9c-12bf-c53480f48028 timestamp=2026-09-20T10:28:39.431-0600
2026-09-20T10:28:39.431-0600 [DEBUG] provider.terraform-provider-random_v3.9.1_x5: Value switched to prior value due to semantic equality logic: tf_req_id=c1fd15d0-8643-aa9c-12bf-c53480f48028 @module=sdk.framework tf_attribute_path=min_lower tf_provider_addr=registry.terraform.io/hashicorp/random tf_resource_type=random_password tf_rpc=ReadResource @caller=github.com/hashicorp/terraform-plugin-framework@v1.19.0/internal/fwschemadata/value_semantic_equality.go:91 timestamp=2026-09-20T10:28:39.431-0600
2026-09-20T10:28:39.431-0600 [DEBUG] provider.terraform-provider-random_v3.9.1_x5: Value switched to prior value due to semantic equality logic: @caller=github.com/hashicorp/terraform-plugin-framework@v1.19.0/internal/fwschemadata/value_semantic_equality.go:91 @module=sdk.framework tf_provider_addr=registry.terraform.io/hashicorp/random tf_resource_type=random_password tf_attribute_path=min_upper tf_req_id=c1fd15d0-8643-aa9c-12bf-c53480f48028 tf_rpc=ReadResource timestamp=2026-09-20T10:28:39.431-0600
2026-09-20T10:28:39.431-0600 [DEBUG] provider.terraform-provider-random_v3.9.1_x5: Value switched to prior value due to semantic equality logic: @module=sdk.framework tf_attribute_path=number tf_provider_addr=registry.terraform.io/hashicorp/random tf_req_id=c1fd15d0-8643-aa9c-12bf-c53480f48028 tf_resource_type=random_password @caller=github.com/hashicorp/terraform-plugin-framework@v1.19.0/internal/fwschemadata/value_semantic_equality.go:91 tf_rpc=ReadResource timestamp=2026-09-20T10:28:39.431-0600
2026-09-20T10:28:39.432-0600 [DEBUG] provider.terraform-provider-random_v3.9.1_x5: Value switched to prior value due to semantic equality logic: tf_attribute_path=bcrypt_hash tf_provider_addr=registry.terraform.io/hashicorp/random tf_req_id=c1fd15d0-8643-aa9c-12bf-c53480f48028 tf_rpc=ReadResource @caller=github.com/hashicorp/terraform-plugin-framework@v1.19.0/internal/fwschemadata/value_semantic_equality.go:91 @module=sdk.framework tf_resource_type=random_password timestamp=2026-09-20T10:28:39.431-0600
2026-09-20T10:28:39.432-0600 [DEBUG] provider.terraform-provider-random_v3.9.1_x5: Value switched to prior value due to semantic equality logic: tf_req_id=c1fd15d0-8643-aa9c-12bf-c53480f48028 tf_resource_type=random_password @caller=github.com/hashicorp/terraform-plugin-framework@v1.19.0/internal/fwschemadata/value_semantic_equality.go:91 tf_rpc=ReadResource @module=sdk.framework tf_attribute_path=id tf_provider_addr=registry.terraform.io/hashicorp/random timestamp=2026-09-20T10:28:39.431-0600
2026-09-20T10:28:39.432-0600 [DEBUG] provider.terraform-provider-random_v3.9.1_x5: Value switched to prior value due to semantic equality logic: tf_req_id=c1fd15d0-8643-aa9c-12bf-c53480f48028 tf_resource_type=random_password tf_rpc=ReadResource @caller=github.com/hashicorp/terraform-plugin-framework@v1.19.0/internal/fwschemadata/value_semantic_equality.go:91 @module=sdk.framework tf_attribute_path=min_special tf_provider_addr=registry.terraform.io/hashicorp/random timestamp=2026-09-20T10:28:39.431-0600
2026-09-20T10:28:39.432-0600 [DEBUG] provider.terraform-provider-random_v3.9.1_x5: Value switched to prior value due to semantic equality logic: @caller=github.com/hashicorp/terraform-plugin-framework@v1.19.0/internal/fwschemadata/value_semantic_equality.go:91 tf_resource_type=random_password @module=sdk.framework tf_attribute_path=min_numeric tf_provider_addr=registry.terraform.io/hashicorp/random tf_req_id=c1fd15d0-8643-aa9c-12bf-c53480f48028 tf_rpc=ReadResource timestamp=2026-09-20T10:28:39.431-0600
2026-09-20T10:28:39.432-0600 [DEBUG] provider.terraform-provider-random_v3.9.1_x5: Value switched to prior value due to semantic equality logic: @module=sdk.framework tf_attribute_path=result tf_provider_addr=registry.terraform.io/hashicorp/random tf_req_id=c1fd15d0-8643-aa9c-12bf-c53480f48028 tf_rpc=ReadResource tf_resource_type=random_password @caller=github.com/hashicorp/terraform-plugin-framework@v1.19.0/internal/fwschemadata/value_semantic_equality.go:91 timestamp=2026-09-20T10:28:39.432-0600
2026-09-20T10:28:39.432-0600 [DEBUG] provider.terraform-provider-random_v3.9.1_x5: Value switched to prior value due to semantic equality logic: tf_rpc=ReadResource @caller=github.com/hashicorp/terraform-plugin-framework@v1.19.0/internal/fwschemadata/value_semantic_equality.go:91 @module=sdk.framework tf_req_id=c1fd15d0-8643-aa9c-12bf-c53480f48028 tf_resource_type=random_password tf_attribute_path=special tf_provider_addr=registry.terraform.io/hashicorp/random timestamp=2026-09-20T10:28:39.432-0600
2026-09-20T10:28:39.432-0600 [DEBUG] provider.terraform-provider-random_v3.9.1_x5: Value switched to prior value due to semantic equality logic: tf_resource_type=random_password tf_rpc=ReadResource @caller=github.com/hashicorp/terraform-plugin-framework@v1.19.0/internal/fwschemadata/value_semantic_equality.go:91 @module=sdk.framework tf_provider_addr=registry.terraform.io/hashicorp/random tf_req_id=c1fd15d0-8643-aa9c-12bf-c53480f48028 tf_attribute_path=upper timestamp=2026-09-20T10:28:39.432-0600
2026-09-20T10:28:39.432-0600 [DEBUG] provider.terraform-provider-random_v3.9.1_x5: Value switched to prior value due to semantic equality logic: tf_attribute_path=lower tf_rpc=ReadResource @module=sdk.framework tf_provider_addr=registry.terraform.io/hashicorp/random tf_req_id=c1fd15d0-8643-aa9c-12bf-c53480f48028 tf_resource_type=random_password @caller=github.com/hashicorp/terraform-plugin-framework@v1.19.0/internal/fwschemadata/value_semantic_equality.go:91 timestamp=2026-09-20T10:28:39.432-0600
2026-09-20T10:28:39.432-0600 [DEBUG] provider.terraform-provider-random_v3.9.1_x5: Value switched to prior value due to semantic equality logic: @caller=github.com/hashicorp/terraform-plugin-framework@v1.19.0/internal/fwschemadata/value_semantic_equality.go:91 @module=sdk.framework tf_provider_addr=registry.terraform.io/hashicorp/random tf_req_id=c1fd15d0-8643-aa9c-12bf-c53480f48028 tf_attribute_path=numeric tf_resource_type=random_password tf_rpc=ReadResource timestamp=2026-09-20T10:28:39.432-0600
2026-09-20T10:28:39.432-0600 [DEBUG] provider.stdio: received EOF, stopping recv loop: err="rpc error: code = Unavailable desc = error reading from server: EOF"
2026-09-20T10:28:39.433-0600 [INFO]  provider: plugin process exited: plugin=.terraform/providers/registry.terraform.io/hashicorp/tls/4.4.1/linux_amd64/terraform-provider-tls_v4.4.1_x5 id=24266
2026-09-20T10:28:39.433-0600 [DEBUG] provider: plugin exited
[0m[1mmodule.ubuntu-2604.proxmox_virtual_environment_download_file.ubuntu-2604: Refreshing state... [id=local:import/ubuntu-26.04-server-cloudimg-amd64.qcow2][0m
[0m[1mmodule.ubuntu-2604.proxmox_virtual_environment_file.cloud_config: Refreshing state... [id=local:snippets/user-data-cloud-config.yaml][0m
2026-09-20T10:28:39.436-0600 [DEBUG] provider.terraform-provider-proxmox_v0.112.0: Sending authentication request: tf_provider_addr=registry.terraform.io/bpg/proxmox @caller=/home/runner/work/terraform-provider-proxmox/terraform-provider-proxmox/proxmox/api/user_auth.go:77 @module=proxmox tf_req_id=09c58c0a-8323-3c50-6612-fc824bf11680 tf_resource_type=proxmox_virtual_environment_file tf_rpc=ReadResource path=/api2/json/access/ticket tf_mux_provider=tf5to6server.v5tov6Server timestamp=2026-09-20T10:28:39.436-0600
2026-09-20T10:28:39.436-0600 [DEBUG] provider.terraform-provider-proxmox_v0.112.0: Sending HTTP Request: tf_rpc=ReadResource tf_http_req_method=POST @caller=/home/runner/go/pkg/mod/github.com/hashicorp/terraform-plugin-sdk/v2@v2.40.1/helper/logging/logging_http_transport.go:162 @module=proxmox Accept-Encoding=gzip Content-Type=application/x-www-form-urlencoded Host=pve:8006 tf_http_op_type=request tf_http_req_body="username=root%40pam&password=%24SaUoA%212018" tf_http_req_version=HTTP/1.1 tf_mux_provider=tf5to6server.v5tov6Server tf_http_req_uri=/api2/json/access/ticket Content-Length=44 tf_provider_addr=registry.terraform.io/bpg/proxmox tf_req_id=09c58c0a-8323-3c50-6612-fc824bf11680 tf_resource_type=proxmox_virtual_environment_file User-Agent=Go-http-client/1.1 tf_http_trans_id=1095c3d3-ab7d-6c40-7d1b-0f2b87d052dc timestamp=2026-09-20T10:28:39.436-0600
2026-09-20T10:28:39.439-0600 [DEBUG] provider.terraform-provider-proxmox_v0.112.0: Sending authentication request: @caller=/home/runner/work/terraform-provider-proxmox/terraform-provider-proxmox/proxmox/api/user_auth.go:77 @module=proxmox tf_mux_provider="*proto6server.Server" path=/api2/json/access/ticket tf_provider_addr=registry.terraform.io/bpg/proxmox tf_req_id=f8a1e74f-c173-e83c-7ef2-7ddaf97c7ce6 tf_resource_type=proxmox_virtual_environment_download_file tf_rpc=ReadResource timestamp=2026-09-20T10:28:39.439-0600
2026-09-20T10:28:39.439-0600 [DEBUG] provider.terraform-provider-proxmox_v0.112.0: Sending HTTP Request: @caller=/home/runner/go/pkg/mod/github.com/hashicorp/terraform-plugin-sdk/v2@v2.40.1/helper/logging/logging_http_transport.go:162 @module=proxmox Host=pve:8006 User-Agent=Go-http-client/1.1 tf_http_trans_id=306b632c-efeb-3e2b-0f3f-07a2b04011f8 tf_mux_provider="*proto6server.Server" tf_req_id=f8a1e74f-c173-e83c-7ef2-7ddaf97c7ce6 Accept-Encoding=gzip Content-Length=44 tf_http_op_type=request tf_rpc=ReadResource tf_http_req_uri=/api2/json/access/ticket tf_http_req_version=HTTP/1.1 tf_provider_addr=registry.terraform.io/bpg/proxmox tf_resource_type=proxmox_virtual_environment_download_file Content-Type=application/x-www-form-urlencoded tf_http_req_body="username=root%40pam&password=%24SaUoA%212018" tf_http_req_method=POST timestamp=2026-09-20T10:28:39.439-0600
2026-09-20T10:28:39.441-0600 [DEBUG] provider.stdio: received EOF, stopping recv loop: err="rpc error: code = Unavailable desc = error reading from server: EOF"
2026-09-20T10:28:39.442-0600 [INFO]  provider: plugin process exited: plugin=.terraform/providers/registry.terraform.io/hashicorp/random/3.9.1/linux_amd64/terraform-provider-random_v3.9.1_x5 id=24277
2026-09-20T10:28:39.442-0600 [DEBUG] provider: plugin exited
2026-09-20T10:28:39.553-0600 [DEBUG] provider.terraform-provider-proxmox_v0.112.0: Received HTTP Response: tf_mux_provider=tf5to6server.v5tov6Server tf_provider_addr=registry.terraform.io/bpg/proxmox tf_req_id=09c58c0a-8323-3c50-6612-fc824bf11680 Date="Sun, 20 Sep 2026 16:28:39 GMT" tf_http_res_body="{\"data\":{\"ticket\":\"PVE:root@pam:6AB009B7::SzMUs9LwfsLdUvd4e3eBr+7Yv1vqbFD5GX6v4yojIu2U2022oUDUIVuLh+SOZP/F1hTK8mbzSEUD6UFOUh5fCZSEEAu2d1YBv4EmdrAOuOoVUp1TIqlsDKOCEh/BQ+wLbkMc8cIj9HulgiqxvnYylF2gTtD1DsY7aqlC2VV73X4pOnWQncs/d26HEuS/ikzF+I8uPnbsYTn1IHg15zc/gEI2S630IP3c/dyJhjsQEdlkQUGcUUY6Jbir377VCeb2qbIOJkxvI9zHhME7vPdLRD7eJRvhU9xyfDBHrGALWZs2wGH1tNI9caB+HLdEyOpSAc1vWwigxNFQCzr5GWIJ9A==\",\"CSRFPreventionToken\":\"6AB009B7:ki7PsqQSrzZLuaRkESO94S83NnkoEXsaq6NtpFzMjR8\",\"cap\":{\"nodes\":{\"Sys.Incoming\":1,\"Sys.AccessNetwork\":1,\"Permissions.Modify\":1,\"Sys.Syslog\":1,\"Sys.Console\":1,\"Sys.PowerMgmt\":1,\"Sys.Modify\":1,\"Sys.Audit\":1},\"vms\":{\"VM.Config.HWType\":1,\"VM.Config.CPU\":1,\"Permissions.Modify\":1,\"VM.Audit\":1,\"VM.Config.Cloudinit\":1,\"VM.GuestAgent.Unrestricted\":1,\"VM.Clone\":1,\"VM.Config.CDROM\":1,\"VM.Config.Disk\":1,\"VM.PowerMgmt\":1,\"VM.Backup\":1,\"VM.Allocate\":1,\"VM.GuestAgent.FileRead\":1,\"VM.Console\":1,\"VM.Replicate\":1,\"VM.Config.Network\":1,\"VM.GuestAgent.Audit\":1,\"VM.Snapshot\":1,\"VM.Migrate\":1,\"VM.Snapshot.Rollback\":1,\"VM.Config.Memory\":1,\"VM.Config.Options\":1,\"VM.GuestAgent.FileWrite\":1,\"VM.GuestAgent.FileSystemMgmt\":1},\"sdn\":{\"Permissions.Modify\":1,\"SDN.Use\":1,\"SDN.Allocate\":1,\"SDN.Audit\":1},\"dc\":{\"SDN.Use\":1,\"Sys.Modify\":1,\"Sys.Audit\":1,\"SDN.Audit\":1,\"SDN.Allocate\":1},\"storage\":{\"Datastore.Audit\":1,\"Datastore.AllocateTemplate\":1,\"Datastore.AllocateSpace\":1,\"Datastore.Allocate\":1,\"Permissions.Modify\":1},\"mapping\":{\"Permissions.Modify\":1,\"Mapping.Audit\":1,\"Mapping.Modify\":1,\"Mapping.Use\":1},\"access\":{\"Group.Allocate\":1,\"User.Modify\":1,\"Permissions.Modify\":1}},\"username\":\"root@pam\"}}" tf_http_res_status_code=200 tf_resource_type=proxmox_virtual_environment_file @module=proxmox Cache-Control=max-age=0 Content-Type=application/json;charset=UTF-8 Server=pve-api-daemon/3.0 tf_http_trans_id=1095c3d3-ab7d-6c40-7d1b-0f2b87d052dc tf_rpc=ReadResource tf_http_res_status_reason="200 OK" tf_http_res_version=HTTP/1.1 @caller=/home/runner/go/pkg/mod/github.com/hashicorp/terraform-plugin-sdk/v2@v2.40.1/helper/logging/logging_http_transport.go:162 Expires="Sun, 20 Sep 2026 16:28:39 GMT" Pragma=no-cache tf_http_op_type=response timestamp=2026-09-20T10:28:39.553-0600
2026-09-20T10:28:39.553-0600 [DEBUG] provider.terraform-provider-proxmox_v0.112.0: Received HTTP Response: @module=proxmox Expires="Sun, 20 Sep 2026 16:28:39 GMT" Pragma=no-cache Server=pve-api-daemon/3.0 tf_http_res_status_code=200 tf_req_id=f8a1e74f-c173-e83c-7ef2-7ddaf97c7ce6 tf_http_op_type=response tf_http_res_status_reason="200 OK" tf_http_res_version=HTTP/1.1 tf_provider_addr=registry.terraform.io/bpg/proxmox tf_resource_type=proxmox_virtual_environment_download_file Date="Sun, 20 Sep 2026 16:28:39 GMT" tf_rpc=ReadResource @caller=/home/runner/go/pkg/mod/github.com/hashicorp/terraform-plugin-sdk/v2@v2.40.1/helper/logging/logging_http_transport.go:162 Cache-Control=max-age=0 Content-Type=application/json;charset=UTF-8 tf_http_res_body="{\"data\":{\"username\":\"root@pam\",\"cap\":{\"vms\":{\"VM.Config.CPU\":1,\"VM.Config.HWType\":1,\"Permissions.Modify\":1,\"VM.Config.Cloudinit\":1,\"VM.Audit\":1,\"VM.GuestAgent.Unrestricted\":1,\"VM.Clone\":1,\"VM.Config.CDROM\":1,\"VM.Config.Disk\":1,\"VM.PowerMgmt\":1,\"VM.Backup\":1,\"VM.Allocate\":1,\"VM.Console\":1,\"VM.GuestAgent.FileRead\":1,\"VM.GuestAgent.Audit\":1,\"VM.Replicate\":1,\"VM.Config.Network\":1,\"VM.Snapshot\":1,\"VM.Snapshot.Rollback\":1,\"VM.Migrate\":1,\"VM.Config.Options\":1,\"VM.Config.Memory\":1,\"VM.GuestAgent.FileWrite\":1,\"VM.GuestAgent.FileSystemMgmt\":1},\"nodes\":{\"Sys.Incoming\":1,\"Sys.AccessNetwork\":1,\"Permissions.Modify\":1,\"Sys.Modify\":1,\"Sys.Audit\":1,\"Sys.Syslog\":1,\"Sys.PowerMgmt\":1,\"Sys.Console\":1},\"sdn\":{\"SDN.Use\":1,\"Permissions.Modify\":1,\"SDN.Audit\":1,\"SDN.Allocate\":1},\"storage\":{\"Datastore.Allocate\":1,\"Datastore.AllocateSpace\":1,\"Permissions.Modify\":1,\"Datastore.Audit\":1,\"Datastore.AllocateTemplate\":1},\"dc\":{\"SDN.Use\":1,\"SDN.Allocate\":1,\"SDN.Audit\":1,\"Sys.Modify\":1,\"Sys.Audit\":1},\"access\":{\"Permissions.Modify\":1,\"Group.Allocate\":1,\"User.Modify\":1},\"mapping\":{\"Mapping.Modify\":1,\"Mapping.Use\":1,\"Mapping.Audit\":1,\"Permissions.Modify\":1}},\"CSRFPreventionToken\":\"6AB009B7:ki7PsqQSrzZLuaRkESO94S83NnkoEXsaq6NtpFzMjR8\",\"ticket\":\"PVE:root@pam:6AB009B7::SzMUs9LwfsLdUvd4e3eBr+7Yv1vqbFD5GX6v4yojIu2U2022oUDUIVuLh+SOZP/F1hTK8mbzSEUD6UFOUh5fCZSEEAu2d1YBv4EmdrAOuOoVUp1TIqlsDKOCEh/BQ+wLbkMc8cIj9HulgiqxvnYylF2gTtD1DsY7aqlC2VV73X4pOnWQncs/d26HEuS/ikzF+I8uPnbsYTn1IHg15zc/gEI2S630IP3c/dyJhjsQEdlkQUGcUUY6Jbir377VCeb2qbIOJkxvI9zHhME7vPdLRD7eJRvhU9xyfDBHrGALWZs2wGH1tNI9caB+HLdEyOpSAc1vWwigxNFQCzr5GWIJ9A==\"}}" tf_http_trans_id=306b632c-efeb-3e2b-0f3f-07a2b04011f8 tf_mux_provider="*proto6server.Server" timestamp=2026-09-20T10:28:39.553-0600
2026-09-20T10:28:39.553-0600 [DEBUG] provider.terraform-provider-proxmox_v0.112.0: Sending HTTP Request: @module=proxmox tf_http_trans_id=7f72e7fb-27ff-8dae-b49a-af388eafcaf1 Accept=application/json tf_http_req_body="" tf_http_req_uri=/api2/json/nodes/pve/storage/local/content?content=snippets tf_http_req_version=HTTP/1.1 tf_mux_provider=tf5to6server.v5tov6Server tf_rpc=ReadResource @caller=/home/runner/go/pkg/mod/github.com/hashicorp/terraform-plugin-sdk/v2@v2.40.1/helper/logging/logging_http_transport.go:162 Accept-Encoding=gzip tf_http_op_type=request tf_http_req_method=GET tf_provider_addr=registry.terraform.io/bpg/proxmox tf_resource_type=proxmox_virtual_environment_file Cookie="PVEAuthCookie=PVE:root@pam:6AB009B7::SzMUs9LwfsLdUvd4e3eBr+7Yv1vqbFD5GX6v4yojIu2U2022oUDUIVuLh+SOZP/F1hTK8mbzSEUD6UFOUh5fCZSEEAu2d1YBv4EmdrAOuOoVUp1TIqlsDKOCEh/BQ+wLbkMc8cIj9HulgiqxvnYylF2gTtD1DsY7aqlC2VV73X4pOnWQncs/d26HEuS/ikzF+I8uPnbsYTn1IHg15zc/gEI2S630IP3c/dyJhjsQEdlkQUGcUUY6Jbir377VCeb2qbIOJkxvI9zHhME7vPdLRD7eJRvhU9xyfDBHrGALWZs2wGH1tNI9caB+HLdEyOpSAc1vWwigxNFQCzr5GWIJ9A==" Host=pve:8006 User-Agent=Go-http-client/1.1 tf_req_id=09c58c0a-8323-3c50-6612-fc824bf11680 timestamp=2026-09-20T10:28:39.553-0600
2026-09-20T10:28:39.553-0600 [DEBUG] provider.terraform-provider-proxmox_v0.112.0: Sending HTTP Request: Cookie="PVEAuthCookie=PVE:root@pam:6AB009B7::SzMUs9LwfsLdUvd4e3eBr+7Yv1vqbFD5GX6v4yojIu2U2022oUDUIVuLh+SOZP/F1hTK8mbzSEUD6UFOUh5fCZSEEAu2d1YBv4EmdrAOuOoVUp1TIqlsDKOCEh/BQ+wLbkMc8cIj9HulgiqxvnYylF2gTtD1DsY7aqlC2VV73X4pOnWQncs/d26HEuS/ikzF+I8uPnbsYTn1IHg15zc/gEI2S630IP3c/dyJhjsQEdlkQUGcUUY6Jbir377VCeb2qbIOJkxvI9zHhME7vPdLRD7eJRvhU9xyfDBHrGALWZs2wGH1tNI9caB+HLdEyOpSAc1vWwigxNFQCzr5GWIJ9A==" User-Agent=Go-http-client/1.1 tf_mux_provider="*proto6server.Server" @caller=/home/runner/go/pkg/mod/github.com/hashicorp/terraform-plugin-sdk/v2@v2.40.1/helper/logging/logging_http_transport.go:162 Host=pve:8006 tf_http_req_body="" tf_http_req_method=GET tf_http_trans_id=d40ef3ec-b7eb-55fc-a934-c7c72744b5a7 tf_req_id=f8a1e74f-c173-e83c-7ef2-7ddaf97c7ce6 tf_resource_type=proxmox_virtual_environment_download_file @module=proxmox tf_http_op_type=request tf_http_req_uri=/api2/json/nodes/pve/storage/local/content?content=import Accept-Encoding=gzip tf_http_req_version=HTTP/1.1 tf_provider_addr=registry.terraform.io/bpg/proxmox tf_rpc=ReadResource Accept=application/json timestamp=2026-09-20T10:28:39.553-0600
2026-09-20T10:28:39.573-0600 [DEBUG] provider.terraform-provider-proxmox_v0.112.0: Received HTTP Response: tf_provider_addr=registry.terraform.io/bpg/proxmox @module=proxmox Expires="Sun, 20 Sep 2026 16:28:39 GMT" Pragma=no-cache tf_http_op_type=response tf_http_trans_id=d40ef3ec-b7eb-55fc-a934-c7c72744b5a7 @caller=/home/runner/go/pkg/mod/github.com/hashicorp/terraform-plugin-sdk/v2@v2.40.1/helper/logging/logging_http_transport.go:162 Cache-Control=max-age=0 tf_http_res_status_code=200 tf_resource_type=proxmox_virtual_environment_download_file tf_rpc=ReadResource Content-Length=148 Content-Type=application/json;charset=UTF-8 Date="Sun, 20 Sep 2026 16:28:39 GMT" tf_http_res_body="{\"data\":[{\"content\":\"import\",\"ctime\":1789921268,\"format\":\"qcow2\",\"size\":864411136,\"volid\":\"local:import/ubuntu-26.04-server-cloudimg-amd64.qcow2\"}]}" tf_req_id=f8a1e74f-c173-e83c-7ef2-7ddaf97c7ce6 Server=pve-api-daemon/3.0 tf_http_res_status_reason="200 OK" tf_http_res_version=HTTP/1.1 tf_mux_provider="*proto6server.Server" timestamp=2026-09-20T10:28:39.573-0600
2026-09-20T10:28:39.573-0600 [DEBUG] provider.terraform-provider-proxmox_v0.112.0: Sending HTTP Request: @module=proxmox tf_http_req_uri="/api2/json/nodes/pve/query-url-metadata?url=https%3A%2F%2Fcloud-images.ubuntu.com%2Freleases%2Fresolute%2Frelease%2Fubuntu-26.04-server-cloudimg-amd64.img&verify-certificates=1" tf_http_req_version=HTTP/1.1 tf_mux_provider="*proto6server.Server" tf_provider_addr=registry.terraform.io/bpg/proxmox tf_req_id=f8a1e74f-c173-e83c-7ef2-7ddaf97c7ce6 tf_resource_type=proxmox_virtual_environment_download_file tf_rpc=ReadResource tf_http_req_body="" tf_http_req_method=GET Accept=application/json Accept-Encoding=gzip User-Agent=Go-http-client/1.1 @caller=/home/runner/go/pkg/mod/github.com/hashicorp/terraform-plugin-sdk/v2@v2.40.1/helper/logging/logging_http_transport.go:162 Cookie="PVEAuthCookie=PVE:root@pam:6AB009B7::SzMUs9LwfsLdUvd4e3eBr+7Yv1vqbFD5GX6v4yojIu2U2022oUDUIVuLh+SOZP/F1hTK8mbzSEUD6UFOUh5fCZSEEAu2d1YBv4EmdrAOuOoVUp1TIqlsDKOCEh/BQ+wLbkMc8cIj9HulgiqxvnYylF2gTtD1DsY7aqlC2VV73X4pOnWQncs/d26HEuS/ikzF+I8uPnbsYTn1IHg15zc/gEI2S630IP3c/dyJhjsQEdlkQUGcUUY6Jbir377VCeb2qbIOJkxvI9zHhME7vPdLRD7eJRvhU9xyfDBHrGALWZs2wGH1tNI9caB+HLdEyOpSAc1vWwigxNFQCzr5GWIJ9A==" tf_http_trans_id=c1a93c25-5dc3-5376-4373-2b8d035c66c7 Host=pve:8006 tf_http_op_type=request timestamp=2026-09-20T10:28:39.573-0600
2026-09-20T10:28:39.581-0600 [DEBUG] provider.terraform-provider-proxmox_v0.112.0: Received HTTP Response: Content-Length=135 tf_http_op_type=response tf_http_res_status_code=200 tf_http_trans_id=7f72e7fb-27ff-8dae-b49a-af388eafcaf1 tf_mux_provider=tf5to6server.v5tov6Server tf_req_id=09c58c0a-8323-3c50-6612-fc824bf11680 Cache-Control=max-age=0 Expires="Sun, 20 Sep 2026 16:28:39 GMT" Server=pve-api-daemon/3.0 tf_http_res_version=HTTP/1.1 Content-Type=application/json;charset=UTF-8 Date="Sun, 20 Sep 2026 16:28:39 GMT" Pragma=no-cache tf_http_res_status_reason="200 OK" tf_provider_addr=registry.terraform.io/bpg/proxmox tf_resource_type=proxmox_virtual_environment_file tf_rpc=ReadResource @caller=/home/runner/go/pkg/mod/github.com/hashicorp/terraform-plugin-sdk/v2@v2.40.1/helper/logging/logging_http_transport.go:162 @module=proxmox tf_http_res_body="{\"data\":[{\"size\":496,\"content\":\"snippets\",\"format\":\"snippet\",\"ctime\":1789921409,\"volid\":\"local:snippets/user-data-cloud-config.yaml\"}]}" timestamp=2026-09-20T10:28:39.581-0600
2026-09-20T10:28:39.584-0600 [WARN]  Provider "registry.terraform.io/bpg/proxmox" produced an invalid plan for module.ubuntu-2604.proxmox_virtual_environment_file.cloud_config, but we are tolerating it because it is using the legacy plugin SDK.
    The following problems may be the cause of any confusing errors from downstream operations:
      - .overwrite: planned value cty.True for a non-computed attribute
      - .timeout_upload: planned value cty.NumberIntVal(1800) for a non-computed attribute
      - .upload_mode: planned value cty.StringVal("stream") for a non-computed attribute
      - .source_raw[0].resize: planned value cty.NumberIntVal(0) for a non-computed attribute
2026-09-20T10:28:40.218-0600 [DEBUG] provider.terraform-provider-proxmox_v0.112.0: Received HTTP Response: Cache-Control=max-age=0 Connection=Keep-Alive tf_provider_addr=registry.terraform.io/bpg/proxmox tf_http_res_status_code=200 tf_http_res_status_reason="200 OK" tf_rpc=ReadResource Pragma=no-cache @caller=/home/runner/go/pkg/mod/github.com/hashicorp/terraform-plugin-sdk/v2@v2.40.1/helper/logging/logging_http_transport.go:162 @module=proxmox Content-Length=117 tf_mux_provider="*proto6server.Server" tf_req_id=f8a1e74f-c173-e83c-7ef2-7ddaf97c7ce6 Content-Type=application/json;charset=UTF-8 Expires="Sun, 20 Sep 2026 16:28:40 GMT" Server=pve-api-daemon/3.0 tf_http_op_type=response tf_http_res_body="{\"data\":{\"filename\":\"ubuntu-26.04-server-cloudimg-amd64.img\",\"mimetype\":\"application/octet-stream\",\"size\":864411136}}" tf_http_res_version=HTTP/1.1 tf_http_trans_id=c1a93c25-5dc3-5376-4373-2b8d035c66c7 tf_resource_type=proxmox_virtual_environment_download_file Date="Sun, 20 Sep 2026 16:28:40 GMT" timestamp=2026-09-20T10:28:40.218-0600
2026-09-20T10:28:40.218-0600 [DEBUG] provider.terraform-provider-proxmox_v0.112.0: Value switched to prior value due to semantic equality logic: @module=sdk.framework tf_attribute_path=upload_timeout tf_mux_provider="*proto6server.Server" tf_provider_addr=registry.terraform.io/bpg/proxmox tf_req_id=f8a1e74f-c173-e83c-7ef2-7ddaf97c7ce6 tf_resource_type=proxmox_virtual_environment_download_file tf_rpc=ReadResource @caller=/home/runner/go/pkg/mod/github.com/hashicorp/terraform-plugin-framework@v1.19.0/internal/fwschemadata/value_semantic_equality.go:91 timestamp=2026-09-20T10:28:40.218-0600
2026-09-20T10:28:40.218-0600 [DEBUG] provider.terraform-provider-proxmox_v0.112.0: Value switched to prior value due to semantic equality logic: tf_mux_provider="*proto6server.Server" tf_req_id=f8a1e74f-c173-e83c-7ef2-7ddaf97c7ce6 tf_rpc=ReadResource @caller=/home/runner/go/pkg/mod/github.com/hashicorp/terraform-plugin-framework@v1.19.0/internal/fwschemadata/value_semantic_equality.go:91 tf_attribute_path=overwrite tf_provider_addr=registry.terraform.io/bpg/proxmox tf_resource_type=proxmox_virtual_environment_download_file @module=sdk.framework timestamp=2026-09-20T10:28:40.218-0600
2026-09-20T10:28:40.218-0600 [DEBUG] provider.terraform-provider-proxmox_v0.112.0: Value switched to prior value due to semantic equality logic: tf_mux_provider="*proto6server.Server" tf_provider_addr=registry.terraform.io/bpg/proxmox tf_req_id=f8a1e74f-c173-e83c-7ef2-7ddaf97c7ce6 tf_rpc=ReadResource @caller=/home/runner/go/pkg/mod/github.com/hashicorp/terraform-plugin-framework@v1.19.0/internal/fwschemadata/value_semantic_equality.go:91 @module=sdk.framework tf_attribute_path=content_type tf_resource_type=proxmox_virtual_environment_download_file timestamp=2026-09-20T10:28:40.218-0600
2026-09-20T10:28:40.218-0600 [DEBUG] provider.terraform-provider-proxmox_v0.112.0: Value switched to prior value due to semantic equality logic: @caller=/home/runner/go/pkg/mod/github.com/hashicorp/terraform-plugin-framework@v1.19.0/internal/fwschemadata/value_semantic_equality.go:91 @module=sdk.framework tf_mux_provider="*proto6server.Server" tf_req_id=f8a1e74f-c173-e83c-7ef2-7ddaf97c7ce6 tf_resource_type=proxmox_virtual_environment_download_file tf_attribute_path=datastore_id tf_provider_addr=registry.terraform.io/bpg/proxmox tf_rpc=ReadResource timestamp=2026-09-20T10:28:40.218-0600
2026-09-20T10:28:40.218-0600 [DEBUG] provider.terraform-provider-proxmox_v0.112.0: Value switched to prior value due to semantic equality logic: tf_req_id=f8a1e74f-c173-e83c-7ef2-7ddaf97c7ce6 tf_rpc=ReadResource @caller=/home/runner/go/pkg/mod/github.com/hashicorp/terraform-plugin-framework@v1.19.0/internal/fwschemadata/value_semantic_equality.go:91 @module=sdk.framework tf_provider_addr=registry.terraform.io/bpg/proxmox tf_resource_type=proxmox_virtual_environment_download_file tf_attribute_path=node_name tf_mux_provider="*proto6server.Server" timestamp=2026-09-20T10:28:40.218-0600
2026-09-20T10:28:40.218-0600 [DEBUG] provider.terraform-provider-proxmox_v0.112.0: Value switched to prior value due to semantic equality logic: @caller=/home/runner/go/pkg/mod/github.com/hashicorp/terraform-plugin-framework@v1.19.0/internal/fwschemadata/value_semantic_equality.go:91 @module=sdk.framework tf_attribute_path=overwrite_unmanaged tf_mux_provider="*proto6server.Server" tf_req_id=f8a1e74f-c173-e83c-7ef2-7ddaf97c7ce6 tf_rpc=ReadResource tf_provider_addr=registry.terraform.io/bpg/proxmox tf_resource_type=proxmox_virtual_environment_download_file timestamp=2026-09-20T10:28:40.218-0600
2026-09-20T10:28:40.218-0600 [DEBUG] provider.terraform-provider-proxmox_v0.112.0: Value switched to prior value due to semantic equality logic: @module=sdk.framework tf_provider_addr=registry.terraform.io/bpg/proxmox tf_resource_type=proxmox_virtual_environment_download_file @caller=/home/runner/go/pkg/mod/github.com/hashicorp/terraform-plugin-framework@v1.19.0/internal/fwschemadata/value_semantic_equality.go:91 tf_attribute_path=id tf_mux_provider="*proto6server.Server" tf_req_id=f8a1e74f-c173-e83c-7ef2-7ddaf97c7ce6 tf_rpc=ReadResource timestamp=2026-09-20T10:28:40.218-0600
2026-09-20T10:28:40.218-0600 [DEBUG] provider.terraform-provider-proxmox_v0.112.0: Value switched to prior value due to semantic equality logic: tf_attribute_path=file_name @module=sdk.framework tf_mux_provider="*proto6server.Server" tf_provider_addr=registry.terraform.io/bpg/proxmox tf_req_id=f8a1e74f-c173-e83c-7ef2-7ddaf97c7ce6 tf_resource_type=proxmox_virtual_environment_download_file tf_rpc=ReadResource @caller=/home/runner/go/pkg/mod/github.com/hashicorp/terraform-plugin-framework@v1.19.0/internal/fwschemadata/value_semantic_equality.go:91 timestamp=2026-09-20T10:28:40.218-0600
2026-09-20T10:28:40.218-0600 [DEBUG] provider.terraform-provider-proxmox_v0.112.0: Value switched to prior value due to semantic equality logic: tf_mux_provider="*proto6server.Server" tf_rpc=ReadResource tf_attribute_path=size tf_provider_addr=registry.terraform.io/bpg/proxmox tf_req_id=f8a1e74f-c173-e83c-7ef2-7ddaf97c7ce6 tf_resource_type=proxmox_virtual_environment_download_file @caller=/home/runner/go/pkg/mod/github.com/hashicorp/terraform-plugin-framework@v1.19.0/internal/fwschemadata/value_semantic_equality.go:91 @module=sdk.framework timestamp=2026-09-20T10:28:40.218-0600
2026-09-20T10:28:40.218-0600 [DEBUG] provider.terraform-provider-proxmox_v0.112.0: Value switched to prior value due to semantic equality logic: tf_attribute_path=url tf_mux_provider="*proto6server.Server" tf_provider_addr=registry.terraform.io/bpg/proxmox tf_rpc=ReadResource @module=sdk.framework tf_req_id=f8a1e74f-c173-e83c-7ef2-7ddaf97c7ce6 tf_resource_type=proxmox_virtual_environment_download_file @caller=/home/runner/go/pkg/mod/github.com/hashicorp/terraform-plugin-framework@v1.19.0/internal/fwschemadata/value_semantic_equality.go:91 timestamp=2026-09-20T10:28:40.218-0600
2026-09-20T10:28:40.218-0600 [DEBUG] provider.terraform-provider-proxmox_v0.112.0: Value switched to prior value due to semantic equality logic: @module=sdk.framework tf_provider_addr=registry.terraform.io/bpg/proxmox tf_resource_type=proxmox_virtual_environment_download_file tf_rpc=ReadResource @caller=/home/runner/go/pkg/mod/github.com/hashicorp/terraform-plugin-framework@v1.19.0/internal/fwschemadata/value_semantic_equality.go:91 tf_attribute_path=verify tf_mux_provider="*proto6server.Server" tf_req_id=f8a1e74f-c173-e83c-7ef2-7ddaf97c7ce6 timestamp=2026-09-20T10:28:40.218-0600
2026-09-20T10:28:40.221-0600 [WARN]  provider.terraform-provider-proxmox_v0.112.0: Response contains warning diagnostic: @module=sdk.proto diagnostic_detail="Use \"proxmox_download_file\" instead. This resource / data source will be removed in v1.0." diagnostic_severity=WARNING diagnostic_summary=Deprecated tf_proto_version=6.11 tf_req_id=e4b21543-e03d-9242-cb17-07495a7489f3 @caller=/home/runner/go/pkg/mod/github.com/hashicorp/terraform-plugin-go@v0.31.0/tfprotov6/internal/diag/diagnostics.go:60 tf_provider_addr=registry.terraform.io/bpg/proxmox tf_resource_type=proxmox_virtual_environment_download_file tf_rpc=ValidateResourceConfig timestamp=2026-09-20T10:28:40.220-0600
[0m[1mmodule.ubuntu-2604.proxmox_virtual_environment_vm.ubuntu-2604: Refreshing state... [id=200][0m
2026-09-20T10:28:40.229-0600 [DEBUG] provider.terraform-provider-proxmox_v0.112.0: Sending HTTP Request: @caller=/home/runner/go/pkg/mod/github.com/hashicorp/terraform-plugin-sdk/v2@v2.40.1/helper/logging/logging_http_transport.go:162 @module=proxmox Accept-Encoding=gzip Accept=application/json User-Agent=Go-http-client/1.1 tf_http_op_type=request tf_http_req_method=GET tf_http_trans_id=9f6904ca-6c56-1873-9cac-500baa240c0b tf_mux_provider=tf5to6server.v5tov6Server Cookie="PVEAuthCookie=PVE:root@pam:6AB009B7::SzMUs9LwfsLdUvd4e3eBr+7Yv1vqbFD5GX6v4yojIu2U2022oUDUIVuLh+SOZP/F1hTK8mbzSEUD6UFOUh5fCZSEEAu2d1YBv4EmdrAOuOoVUp1TIqlsDKOCEh/BQ+wLbkMc8cIj9HulgiqxvnYylF2gTtD1DsY7aqlC2VV73X4pOnWQncs/d26HEuS/ikzF+I8uPnbsYTn1IHg15zc/gEI2S630IP3c/dyJhjsQEdlkQUGcUUY6Jbir377VCeb2qbIOJkxvI9zHhME7vPdLRD7eJRvhU9xyfDBHrGALWZs2wGH1tNI9caB+HLdEyOpSAc1vWwigxNFQCzr5GWIJ9A==" Host=pve:8006 tf_http_req_uri=/api2/json/cluster/resources?type=vm tf_resource_type=proxmox_virtual_environment_vm tf_http_req_body="" tf_http_req_version=HTTP/1.1 tf_provider_addr=registry.terraform.io/bpg/proxmox tf_req_id=9f9c4f6e-5ad4-2e3b-534f-958de8c71471 tf_rpc=ReadResource timestamp=2026-09-20T10:28:40.229-0600
2026-09-20T10:28:40.241-0600 [DEBUG] provider.terraform-provider-proxmox_v0.112.0: Received HTTP Response: Content-Type=application/json;charset=UTF-8 Expires="Sun, 20 Sep 2026 16:28:40 GMT" tf_http_res_status_reason="200 OK" tf_mux_provider=tf5to6server.v5tov6Server tf_req_id=9f9c4f6e-5ad4-2e3b-534f-958de8c71471 @caller=/home/runner/go/pkg/mod/github.com/hashicorp/terraform-plugin-sdk/v2@v2.40.1/helper/logging/logging_http_transport.go:162 tf_http_op_type=response tf_provider_addr=registry.terraform.io/bpg/proxmox @module=proxmox Connection=Keep-Alive Date="Sun, 20 Sep 2026 16:28:40 GMT" Pragma=no-cache tf_http_res_body="{\"data\":[{\"node\":\"pve\",\"template\":0,\"maxmem\":536870912,\"vmid\":200,\"diskwrite\":0,\"memhost\":0,\"status\":\"stopped\",\"name\":\"CT200\",\"cpu\":0,\"netin\":0,\"disk\":0,\"maxcpu\":1,\"mem\":0,\"uptime\":0,\"id\":\"lxc/200\",\"type\":\"lxc\",\"maxdisk\":8589934592,\"netout\":0,\"diskread\":0},{\"vmid\":300,\"memhost\":0,\"status\":\"stopped\",\"diskwrite\":0,\"node\":\"pve\",\"maxmem\":536870912,\"template\":0,\"disk\":0,\"name\":\"CT300\",\"netin\":0,\"cpu\":0,\"type\":\"lxc\",\"id\":\"lxc/300\",\"uptime\":0,\"mem\":0,\"maxcpu\":1,\"diskread\":0,\"maxdisk\":8589934592,\"netout\":0},{\"disk\":0,\"netin\":0,\"cpu\":0,\"name\":\"CT400\",\"status\":\"stopped\",\"memhost\":0,\"diskwrite\":0,\"vmid\":400,\"maxmem\":536870912,\"template\":0,\"node\":\"pve\",\"diskread\":0,\"netout\":0,\"maxdisk\":8589934592,\"type\":\"lxc\",\"id\":\"lxc/400\",\"uptime\":0,\"mem\":0,\"maxcpu\":1},{\"netout\":0,\"maxdisk\":8589934592,\"diskread\":0,\"maxcpu\":1,\"mem\":0,\"type\":\"lxc\",\"id\":\"lxc/500\",\"uptime\":0,\"netin\":0,\"cpu\":0,\"name\":\"CT500\",\"disk\":0,\"maxmem\":536870912,\"template\":0,\"node\":\"pve\",\"diskwrite\":0,\"memhost\":0,\"status\":\"stopped\",\"vmid\":500},{\"maxdisk\":8589934592,\"netout\":0,\"diskread\":0,\"mem\":0,\"maxcpu\":1,\"type\":\"lxc\",\"uptime\":0,\"id\":\"lxc/600\",\"name\":\"CT600\",\"netin\":0,\"cpu\":0,\"disk\":0,\"node\":\"pve\",\"maxmem\":536870912,\"template\":0,\"vmid\":600,\"status\":\"stopped\",\"memhost\":0,\"diskwrite\":0},{\"status\":\"stopped\",\"memhost\":0,\"diskwrite\":0,\"vmid\":700,\"maxmem\":536870912,\"template\":0,\"node\":\"pve\",\"disk\":0,\"netin\":0,\"cpu\":0,\"name\":\"CT700\",\"type\":\"lxc\",\"uptime\":0,\"id\":\"lxc/700\",\"maxcpu\":1,\"mem\":0,\"diskread\":0,\"netout\":0,\"maxdisk\":8589934592}]}" tf_http_trans_id=9f6904ca-6c56-1873-9cac-500baa240c0b tf_resource_type=proxmox_virtual_environment_vm Cache-Control=max-age=0 Server=pve-api-daemon/3.0 tf_http_res_status_code=200 tf_http_res_version=HTTP/1.1 tf_rpc=ReadResource timestamp=2026-09-20T10:28:40.240-0600
2026-09-20T10:28:40.242-0600 [DEBUG] provider.terraform-provider-proxmox_v0.112.0: Sending HTTP Request: tf_resource_type=proxmox_virtual_environment_vm tf_http_req_uri=/api2/json/nodes/pve/qemu/200/config tf_http_trans_id=951008d2-4a49-b57e-5434-152b306189a8 tf_req_id=9f9c4f6e-5ad4-2e3b-534f-958de8c71471 User-Agent=Go-http-client/1.1 tf_http_req_method=GET tf_http_req_version=HTTP/1.1 @caller=/home/runner/go/pkg/mod/github.com/hashicorp/terraform-plugin-sdk/v2@v2.40.1/helper/logging/logging_http_transport.go:162 Cookie="PVEAuthCookie=PVE:root@pam:6AB009B7::SzMUs9LwfsLdUvd4e3eBr+7Yv1vqbFD5GX6v4yojIu2U2022oUDUIVuLh+SOZP/F1hTK8mbzSEUD6UFOUh5fCZSEEAu2d1YBv4EmdrAOuOoVUp1TIqlsDKOCEh/BQ+wLbkMc8cIj9HulgiqxvnYylF2gTtD1DsY7aqlC2VV73X4pOnWQncs/d26HEuS/ikzF+I8uPnbsYTn1IHg15zc/gEI2S630IP3c/dyJhjsQEdlkQUGcUUY6Jbir377VCeb2qbIOJkxvI9zHhME7vPdLRD7eJRvhU9xyfDBHrGALWZs2wGH1tNI9caB+HLdEyOpSAc1vWwigxNFQCzr5GWIJ9A==" Host=pve:8006 tf_http_req_body="" tf_mux_provider=tf5to6server.v5tov6Server tf_rpc=ReadResource @module=proxmox Accept=application/json Accept-Encoding=gzip tf_http_op_type=request tf_provider_addr=registry.terraform.io/bpg/proxmox timestamp=2026-09-20T10:28:40.242-0600
2026-09-20T10:28:40.244-0600 [DEBUG] provider.terraform-provider-proxmox_v0.112.0: Received HTTP Response: Content-Type=application/json;charset=UTF-8 Server=pve-api-daemon/3.0 tf_http_op_type=response tf_http_res_status_reason="500 Configuration file 'nodes/pve/qemu-server/200.conf' does not exist" @caller=/home/runner/go/pkg/mod/github.com/hashicorp/terraform-plugin-sdk/v2@v2.40.1/helper/logging/logging_http_transport.go:162 @module=proxmox Content-Length=94 Pragma=no-cache tf_http_res_status_code=500 tf_http_res_version=HTTP/1.1 tf_provider_addr=registry.terraform.io/bpg/proxmox Cache-Control=max-age=0 tf_http_res_body="{\"message\":\"Configuration file 'nodes/pve/qemu-server/200.conf' does not exist\n\",\"data\":null}" tf_http_trans_id=951008d2-4a49-b57e-5434-152b306189a8 tf_mux_provider=tf5to6server.v5tov6Server tf_req_id=9f9c4f6e-5ad4-2e3b-534f-958de8c71471 tf_rpc=ReadResource Date="Sun, 20 Sep 2026 16:28:40 GMT" Expires="Sun, 20 Sep 2026 16:28:40 GMT" tf_resource_type=proxmox_virtual_environment_vm timestamp=2026-09-20T10:28:40.244-0600
2026-09-20T10:28:40.256-0600 [WARN]  Provider "registry.terraform.io/bpg/proxmox" produced an invalid plan for module.ubuntu-2604.proxmox_virtual_environment_vm.ubuntu-2604, but we are tolerating it because it is using the legacy plugin SDK.
    The following problems may be the cause of any confusing errors from downstream operations:
      - .timeout_migrate: planned value cty.NumberIntVal(1800) for a non-computed attribute
      - .timeout_stop_vm: planned value cty.NumberIntVal(300) for a non-computed attribute
      - .bios: planned value cty.StringVal("seabios") for a non-computed attribute
      - .timeout_move_disk: planned value cty.NumberIntVal(1800) for a non-computed attribute
      - .timeout_reboot: planned value cty.NumberIntVal(1800) for a non-computed attribute
      - .stop_on_destroy: planned value cty.False for a non-computed attribute
      - .delete_unreferenced_disks_on_destroy: planned value cty.True for a non-computed attribute
      - .purge_on_destroy: planned value cty.True for a non-computed attribute
      - .acpi: planned value cty.True for a non-computed attribute
      - .keyboard_layout: planned value cty.StringVal("en-us") for a non-computed attribute
      - .migrate: planned value cty.False for a non-computed attribute
      - .network_device: planned value cty.ListVal([]cty.Value{cty.ObjectVal(map[string]cty.Value{"bridge":cty.StringVal("vmbr0.20"), "disconnected":cty.NullVal(cty.Bool), "enabled":cty.True, "firewall":cty.False, "mac_address":cty.UnknownVal(cty.String), "model":cty.StringVal("virtio"), "mtu":cty.NumberIntVal(0), "queues":cty.NumberIntVal(0), "rate_limit":cty.NumberIntVal(0), "trunks":cty.NullVal(cty.String), "vlan_id":cty.NumberIntVal(0)})}) does not match config value cty.ListVal([]cty.Value{cty.ObjectVal(map[string]cty.Value{"bridge":cty.StringVal("vmbr0.20"), "disconnected":cty.NullVal(cty.Bool), "enabled":cty.NullVal(cty.Bool), "firewall":cty.NullVal(cty.Bool), "mac_address":cty.NullVal(cty.String), "model":cty.NullVal(cty.String), "mtu":cty.NullVal(cty.Number), "queues":cty.NullVal(cty.Number), "rate_limit":cty.NullVal(cty.Number), "trunks":cty.NullVal(cty.String), "vlan_id":cty.NullVal(cty.Number)})})
      - .started: planned value cty.True for a non-computed attribute
      - .on_boot: planned value cty.True for a non-computed attribute
      - .scsi_hardware: planned value cty.StringVal("virtio-scsi-pci") for a non-computed attribute
      - .template: planned value cty.False for a non-computed attribute
      - .timeout_shutdown_vm: planned value cty.NumberIntVal(1800) for a non-computed attribute
      - .protection: planned value cty.False for a non-computed attribute
      - .reboot_after_update: planned value cty.True for a non-computed attribute
      - .timeout_start_vm: planned value cty.NumberIntVal(1800) for a non-computed attribute
      - .reboot: planned value cty.False for a non-computed attribute
      - .tablet_device: planned value cty.True for a non-computed attribute
      - .memory[0].keep_hugepages: planned value cty.False for a non-computed attribute
      - .memory[0].shared: planned value cty.NumberIntVal(0) for a non-computed attribute
      - .agent[0].timeout: planned value cty.StringVal("15m") for a non-computed attribute
      - .agent[0].trim: planned value cty.False for a non-computed attribute
      - .agent[0].type: planned value cty.StringVal("virtio") for a non-computed attribute
      - .cpu[0].hotplugged: planned value cty.NumberIntVal(0) for a non-computed attribute
      - .cpu[0].limit: planned value cty.NumberIntVal(0) for a non-computed attribute
      - .cpu[0].numa: planned value cty.False for a non-computed attribute
      - .cpu[0].sockets: planned value cty.NumberIntVal(1) for a non-computed attribute
      - .serial_device[0].device: planned value cty.StringVal("socket") for a non-computed attribute
      - .tpm_state[0].datastore_id: planned value cty.StringVal("local-lvm") for a non-computed attribute
      - .vga: planned unknown value for non-computed block
      - .virtiofs[0].expose_acl: planned value cty.False for a non-computed attribute
      - .virtiofs[0].expose_xattr: planned value cty.False for a non-computed attribute
      - .disk[0].aio: planned value cty.StringVal("io_uring") for a non-computed attribute
      - .disk[0].queues: planned value cty.NumberIntVal(0) for a non-computed attribute
      - .disk[0].ssd: planned value cty.False for a non-computed attribute
      - .disk[0].cache: planned value cty.StringVal("none") for a non-computed attribute
      - .disk[0].discard: planned value cty.StringVal("ignore") for a non-computed attribute
      - .disk[0].replicate: planned value cty.True for a non-computed attribute
      - .disk[0].backup: planned value cty.True for a non-computed attribute
      - .disk[0].iothread: planned value cty.False for a non-computed attribute
2026-09-20T10:28:40.257-0600 [DEBUG] provider.stdio: received EOF, stopping recv loop: err="rpc error: code = Unavailable desc = error reading from server: EOF"
2026-09-20T10:28:40.259-0600 [INFO]  provider: plugin process exited: plugin=.terraform/providers/registry.terraform.io/bpg/proxmox/0.112.0/linux_amd64/terraform-provider-proxmox_v0.112.0 id=24285
2026-09-20T10:28:40.259-0600 [DEBUG] provider: plugin exited
2026-09-20T10:28:40.260-0600 [DEBUG] building apply graph to check for errors
2026-09-20T10:28:40.260-0600 [DEBUG] Resource state not found for node "module.ubuntu-2604.proxmox_virtual_environment_vm.ubuntu-2604", instance module.ubuntu-2604.proxmox_virtual_environment_vm.ubuntu-2604
2026-09-20T10:28:40.260-0600 [DEBUG] adding implicit provider configuration provider["terraform.io/builtin/terraform"], implied first by data.terraform_remote_state.mgmt_state (expand)
2026-09-20T10:28:40.260-0600 [DEBUG] adding implicit provider configuration provider["registry.terraform.io/hashicorp/random"], implied first by module.ubuntu-2604.random_password.ubuntu-2604_password (expand)
2026-09-20T10:28:40.260-0600 [DEBUG] adding implicit provider configuration provider["registry.terraform.io/hashicorp/tls"], implied first by module.ubuntu-2604.tls_private_key.ubuntu-2604_key (expand)
2026-09-20T10:28:40.260-0600 [DEBUG] ProviderTransformer: "module.ubuntu-2604.tls_private_key.ubuntu-2604_key (expand)" (*terraform.nodeExpandApplyableResource) needs provider["registry.terraform.io/hashicorp/tls"]
2026-09-20T10:28:40.260-0600 [DEBUG] ProviderTransformer: "module.ubuntu-2604.proxmox_virtual_environment_file.cloud_config (expand)" (*terraform.nodeExpandApplyableResource) needs module.ubuntu-2604.provider["registry.terraform.io/bpg/proxmox"]
2026-09-20T10:28:40.260-0600 [DEBUG] ProviderTransformer: "module.ubuntu-2604.proxmox_virtual_environment_vm.ubuntu-2604 (expand)" (*terraform.nodeExpandApplyableResource) needs module.ubuntu-2604.provider["registry.terraform.io/bpg/proxmox"]
2026-09-20T10:28:40.260-0600 [DEBUG] ProviderTransformer: "module.ubuntu-2604.proxmox_virtual_environment_download_file.ubuntu-2604 (expand)" (*terraform.nodeExpandApplyableResource) needs module.ubuntu-2604.provider["registry.terraform.io/bpg/proxmox"]
2026-09-20T10:28:40.260-0600 [DEBUG] ProviderTransformer: "module.ubuntu-2604.proxmox_virtual_environment_vm.ubuntu-2604" (*terraform.NodeApplyableResourceInstance) needs module.ubuntu-2604.provider["registry.terraform.io/bpg/proxmox"]
2026-09-20T10:28:40.260-0600 [DEBUG] ProviderTransformer: "data.terraform_remote_state.mgmt_state (expand)" (*terraform.nodeExpandApplyableResource) needs provider["terraform.io/builtin/terraform"]
2026-09-20T10:28:40.260-0600 [DEBUG] ProviderTransformer: "module.ubuntu-2604.random_password.ubuntu-2604_password (expand)" (*terraform.nodeExpandApplyableResource) needs provider["registry.terraform.io/hashicorp/random"]
2026-09-20T10:28:40.260-0600 [DEBUG] pruning unused provider["registry.terraform.io/bpg/proxmox"]
2026-09-20T10:28:40.261-0600 [DEBUG] ReferenceTransformer: "module.ubuntu-2604.proxmox_virtual_environment_vm.ubuntu-2604 (expand)" references: [module.ubuntu-2604.var.vm_id (expand) module.ubuntu-2604.var.vm_name (expand) module.ubuntu-2604.var.cpu_cores (expand) module.ubuntu-2604.var.mem_dedicated (expand) module.ubuntu-2604.var.mem_floating (expand) module.ubuntu-2604.proxmox_virtual_environment_download_file.ubuntu-2604 (expand) module.ubuntu-2604.var.vm_disk_size (expand) module.ubuntu-2604.proxmox_virtual_environment_file.cloud_config (expand) module.ubuntu-2604.var.vm_bridge (expand)]
2026-09-20T10:28:40.261-0600 [DEBUG] ReferenceTransformer: "module.ubuntu-2604.proxmox_virtual_environment_vm.ubuntu-2604 (expand)" references: module.ubuntu-2604.var.vm_id (expand)
2026-09-20T10:28:40.261-0600 [DEBUG] ReferenceTransformer: "module.ubuntu-2604.proxmox_virtual_environment_vm.ubuntu-2604 (expand)" references: module.ubuntu-2604.var.vm_name (expand)
2026-09-20T10:28:40.261-0600 [DEBUG] ReferenceTransformer: "module.ubuntu-2604.proxmox_virtual_environment_vm.ubuntu-2604 (expand)" references: module.ubuntu-2604.var.cpu_cores (expand)
2026-09-20T10:28:40.261-0600 [DEBUG] ReferenceTransformer: "module.ubuntu-2604.proxmox_virtual_environment_vm.ubuntu-2604 (expand)" references: module.ubuntu-2604.var.mem_dedicated (expand)
2026-09-20T10:28:40.261-0600 [DEBUG] ReferenceTransformer: "module.ubuntu-2604.proxmox_virtual_environment_vm.ubuntu-2604 (expand)" references: module.ubuntu-2604.var.mem_floating (expand)
2026-09-20T10:28:40.261-0600 [DEBUG] ReferenceTransformer: "module.ubuntu-2604.proxmox_virtual_environment_vm.ubuntu-2604 (expand)" references: module.ubuntu-2604.proxmox_virtual_environment_download_file.ubuntu-2604 (expand)
2026-09-20T10:28:40.261-0600 [DEBUG] ReferenceTransformer: "module.ubuntu-2604.proxmox_virtual_environment_vm.ubuntu-2604 (expand)" references: module.ubuntu-2604.var.vm_disk_size (expand)
2026-09-20T10:28:40.261-0600 [DEBUG] ReferenceTransformer: "module.ubuntu-2604.proxmox_virtual_environment_vm.ubuntu-2604 (expand)" references: module.ubuntu-2604.proxmox_virtual_environment_file.cloud_config (expand)
2026-09-20T10:28:40.261-0600 [DEBUG] ReferenceTransformer: "module.ubuntu-2604.proxmox_virtual_environment_vm.ubuntu-2604 (expand)" references: module.ubuntu-2604.var.vm_bridge (expand)
2026-09-20T10:28:40.261-0600 [DEBUG] ReferenceTransformer: "module.ubuntu-2604.proxmox_virtual_environment_download_file.ubuntu-2604 (expand)" references: []
2026-09-20T10:28:40.261-0600 [DEBUG] ReferenceTransformer: "module.ubuntu-2604.var.mem_floating (expand)" references: []
2026-09-20T10:28:40.261-0600 [DEBUG] ReferenceTransformer: "module.ubuntu-2604.proxmox_virtual_environment_vm.ubuntu-2604" references: [module.ubuntu-2604.var.vm_name (expand) module.ubuntu-2604.var.vm_id (expand) module.ubuntu-2604.var.cpu_cores (expand) module.ubuntu-2604.var.mem_dedicated (expand) module.ubuntu-2604.var.mem_floating (expand) module.ubuntu-2604.var.vm_disk_size (expand) module.ubuntu-2604.proxmox_virtual_environment_download_file.ubuntu-2604 (expand) module.ubuntu-2604.proxmox_virtual_environment_file.cloud_config (expand) module.ubuntu-2604.var.vm_bridge (expand)]
2026-09-20T10:28:40.261-0600 [DEBUG] ReferenceTransformer: "module.ubuntu-2604.proxmox_virtual_environment_vm.ubuntu-2604" references: module.ubuntu-2604.var.vm_name (expand)
2026-09-20T10:28:40.261-0600 [DEBUG] ReferenceTransformer: "module.ubuntu-2604.proxmox_virtual_environment_vm.ubuntu-2604" references: module.ubuntu-2604.var.vm_id (expand)
2026-09-20T10:28:40.261-0600 [DEBUG] ReferenceTransformer: "module.ubuntu-2604.proxmox_virtual_environment_vm.ubuntu-2604" references: module.ubuntu-2604.var.cpu_cores (expand)
2026-09-20T10:28:40.261-0600 [DEBUG] ReferenceTransformer: "module.ubuntu-2604.proxmox_virtual_environment_vm.ubuntu-2604" references: module.ubuntu-2604.var.mem_dedicated (expand)
2026-09-20T10:28:40.261-0600 [DEBUG] ReferenceTransformer: "module.ubuntu-2604.proxmox_virtual_environment_vm.ubuntu-2604" references: module.ubuntu-2604.var.mem_floating (expand)
2026-09-20T10:28:40.261-0600 [DEBUG] ReferenceTransformer: "module.ubuntu-2604.proxmox_virtual_environment_vm.ubuntu-2604" references: module.ubuntu-2604.var.vm_disk_size (expand)
2026-09-20T10:28:40.261-0600 [DEBUG] ReferenceTransformer: "module.ubuntu-2604.proxmox_virtual_environment_vm.ubuntu-2604" references: module.ubuntu-2604.proxmox_virtual_environment_download_file.ubuntu-2604 (expand)
2026-09-20T10:28:40.261-0600 [DEBUG] ReferenceTransformer: "module.ubuntu-2604.proxmox_virtual_environment_vm.ubuntu-2604" references: module.ubuntu-2604.proxmox_virtual_environment_file.cloud_config (expand)
2026-09-20T10:28:40.261-0600 [DEBUG] ReferenceTransformer: "module.ubuntu-2604.proxmox_virtual_environment_vm.ubuntu-2604" references: module.ubuntu-2604.var.vm_bridge (expand)
2026-09-20T10:28:40.261-0600 [DEBUG] ReferenceTransformer: "module.ubuntu-2604 (close)" references: []
2026-09-20T10:28:40.261-0600 [DEBUG] ReferenceTransformer: "module.ubuntu-2604.var.vm_name (expand)" references: []
2026-09-20T10:28:40.261-0600 [DEBUG] ReferenceTransformer: "module.ubuntu-2604.var.vm_id (expand)" references: []
2026-09-20T10:28:40.261-0600 [DEBUG] ReferenceTransformer: "module.ubuntu-2604.var.cpu_cores (expand)" references: []
2026-09-20T10:28:40.261-0600 [DEBUG] ReferenceTransformer: "module.ubuntu-2604.output.ubuntu-2604_password (expand)" references: [module.ubuntu-2604.random_password.ubuntu-2604_password (expand)]
2026-09-20T10:28:40.261-0600 [DEBUG] ReferenceTransformer: "module.ubuntu-2604.output.ubuntu-2604_password (expand)" references: module.ubuntu-2604.random_password.ubuntu-2604_password (expand)
2026-09-20T10:28:40.261-0600 [DEBUG] ReferenceTransformer: "module.ubuntu-2604.output.ubuntu-2604_public_key (expand)" references: [module.ubuntu-2604.tls_private_key.ubuntu-2604_key (expand)]
2026-09-20T10:28:40.261-0600 [DEBUG] ReferenceTransformer: "module.ubuntu-2604.output.ubuntu-2604_public_key (expand)" references: module.ubuntu-2604.tls_private_key.ubuntu-2604_key (expand)
2026-09-20T10:28:40.261-0600 [DEBUG] ReferenceTransformer: "module.ubuntu-2604.var.vm_disk_size (expand)" references: []
2026-09-20T10:28:40.261-0600 [DEBUG] ReferenceTransformer: "module.ubuntu-2604.output.ubuntu-2604_private_key (expand)" references: [module.ubuntu-2604.tls_private_key.ubuntu-2604_key (expand)]
2026-09-20T10:28:40.261-0600 [DEBUG] ReferenceTransformer: "module.ubuntu-2604.output.ubuntu-2604_private_key (expand)" references: module.ubuntu-2604.tls_private_key.ubuntu-2604_key (expand)
2026-09-20T10:28:40.261-0600 [DEBUG] ReferenceTransformer: "module.ubuntu-2604 (expand)" references: []
2026-09-20T10:28:40.261-0600 [DEBUG] ReferenceTransformer: "module.ubuntu-2604.provider[\"registry.terraform.io/bpg/proxmox\"]" references: []
2026-09-20T10:28:40.261-0600 [DEBUG] ReferenceTransformer: "provider[\"registry.terraform.io/hashicorp/random\"]" references: []
2026-09-20T10:28:40.261-0600 [DEBUG] ReferenceTransformer: "provider[\"registry.terraform.io/hashicorp/tls\"]" references: []
2026-09-20T10:28:40.261-0600 [DEBUG] ReferenceTransformer: "data.terraform_remote_state.mgmt_state (expand)" references: []
2026-09-20T10:28:40.261-0600 [DEBUG] ReferenceTransformer: "module.ubuntu-2604.random_password.ubuntu-2604_password (expand)" references: []
2026-09-20T10:28:40.261-0600 [DEBUG] ReferenceTransformer: "module.ubuntu-2604.var.mem_dedicated (expand)" references: []
2026-09-20T10:28:40.261-0600 [DEBUG] ReferenceTransformer: "module.ubuntu-2604.var.vm_bridge (expand)" references: []
2026-09-20T10:28:40.261-0600 [DEBUG] ReferenceTransformer: "provider[\"terraform.io/builtin/terraform\"]" references: []
2026-09-20T10:28:40.261-0600 [DEBUG] ReferenceTransformer: "module.ubuntu-2604.tls_private_key.ubuntu-2604_key (expand)" references: []
2026-09-20T10:28:40.261-0600 [DEBUG] ReferenceTransformer: "module.ubuntu-2604.proxmox_virtual_environment_file.cloud_config (expand)" references: [module.ubuntu-2604.var.vm_name (expand) module.ubuntu-2604.tls_private_key.ubuntu-2604_key (expand)]
2026-09-20T10:28:40.261-0600 [DEBUG] ReferenceTransformer: "module.ubuntu-2604.proxmox_virtual_environment_file.cloud_config (expand)" references: module.ubuntu-2604.var.vm_name (expand)
2026-09-20T10:28:40.261-0600 [DEBUG] ReferenceTransformer: "module.ubuntu-2604.proxmox_virtual_environment_file.cloud_config (expand)" references: module.ubuntu-2604.tls_private_key.ubuntu-2604_key (expand)

Terraform used the selected providers to generate the following execution
plan. Resource actions are indicated with the following symbols:
  [32m+[0m create[0m

Terraform will perform the following actions:

[1m  # module.ubuntu-2604.proxmox_virtual_environment_vm.ubuntu-2604[0m will be created
[0m  [32m+[0m[0m resource "proxmox_virtual_environment_vm" "ubuntu-2604" {
      [32m+[0m[0m acpi                                 = true
      [32m+[0m[0m bios                                 = "seabios"
      [32m+[0m[0m boot_order                           = (known after apply)
      [32m+[0m[0m delete_unreferenced_disks_on_destroy = true
      [32m+[0m[0m description                          = "Managed by Terraform"
      [32m+[0m[0m hotplug                              = (known after apply)
      [32m+[0m[0m id                                   = (known after apply)
      [32m+[0m[0m ipv4_addresses                       = (known after apply)
      [32m+[0m[0m ipv6_addresses                       = (known after apply)
      [32m+[0m[0m keyboard_layout                      = "en-us"
      [32m+[0m[0m mac_addresses                        = (known after apply)
      [32m+[0m[0m migrate                              = false
      [32m+[0m[0m name                                 = "jenkins-controller"
      [32m+[0m[0m network_device                       = [
          [32m+[0m[0m {
              [32m+[0m[0m bridge      = "vmbr0.20"
              [32m+[0m[0m enabled     = true
              [32m+[0m[0m firewall    = false
              [32m+[0m[0m mac_address = (known after apply)
              [32m+[0m[0m model       = "virtio"
              [32m+[0m[0m mtu         = 0
              [32m+[0m[0m queues      = 0
              [32m+[0m[0m rate_limit  = 0
              [32m+[0m[0m vlan_id     = 0
            },
        ]
      [32m+[0m[0m network_interface_names              = (known after apply)
      [32m+[0m[0m node_name                            = "pve"
      [32m+[0m[0m on_boot                              = true
      [32m+[0m[0m protection                           = false
      [32m+[0m[0m purge_on_destroy                     = true
      [32m+[0m[0m reboot                               = false
      [32m+[0m[0m reboot_after_update                  = true
      [32m+[0m[0m scsi_hardware                        = "virtio-scsi-pci"
      [32m+[0m[0m started                              = true
      [32m+[0m[0m stop_on_destroy                      = false
      [32m+[0m[0m tablet_device                        = true
      [32m+[0m[0m tags                                 = [
          [32m+[0m[0m "ubuntu-2604",
          [32m+[0m[0m "terraform",
        ]
      [32m+[0m[0m template                             = false
      [32m+[0m[0m timeout_clone                        = 1800
      [32m+[0m[0m timeout_create                       = 1800
      [32m+[0m[0m timeout_migrate                      = 1800
      [32m+[0m[0m timeout_move_disk                    = 1800
      [32m+[0m[0m timeout_reboot                       = 1800
      [32m+[0m[0m timeout_shutdown_vm                  = 1800
      [32m+[0m[0m timeout_start_vm                     = 1800
      [32m+[0m[0m timeout_stop_vm                      = 300
      [32m+[0m[0m vm_id                                = 200

      [32m+[0m[0m agent {
          [32m+[0m[0m enabled = true
          [32m+[0m[0m timeout = "15m"
          [32m+[0m[0m trim    = false
          [32m+[0m[0m type    = "virtio"
        }

      [32m+[0m[0m cpu {
          [32m+[0m[0m cores      = 2
          [32m+[0m[0m hotplugged = 0
          [32m+[0m[0m limit      = 0
          [32m+[0m[0m numa       = false
          [32m+[0m[0m sockets    = 1
          [32m+[0m[0m type       = "x86-64-v2-AES"
          [32m+[0m[0m units      = (known after apply)
        }

      [32m+[0m[0m disk {
          [32m+[0m[0m aio               = "io_uring"
          [32m+[0m[0m backup            = true
          [32m+[0m[0m cache             = "none"
          [32m+[0m[0m datastore_id      = "disks"
          [32m+[0m[0m discard           = "ignore"
          [32m+[0m[0m file_format       = (known after apply)
          [32m+[0m[0m import_from       = "local:import/ubuntu-26.04-server-cloudimg-amd64.qcow2"
          [32m+[0m[0m interface         = "scsi0"
          [32m+[0m[0m iothread          = false
          [32m+[0m[0m path_in_datastore = (known after apply)
          [32m+[0m[0m queues            = 0
          [32m+[0m[0m replicate         = true
          [32m+[0m[0m size              = 20
          [32m+[0m[0m ssd               = false
        }

      [32m+[0m[0m initialization {
          [32m+[0m[0m datastore_id         = "disks"
          [32m+[0m[0m file_format          = (known after apply)
          [32m+[0m[0m meta_data_file_id    = (known after apply)
          [32m+[0m[0m network_data_file_id = (known after apply)
          [32m+[0m[0m type                 = (known after apply)
          [32m+[0m[0m upgrade              = (known after apply)
          [32m+[0m[0m user_data_file_id    = "local:snippets/user-data-cloud-config.yaml"
          [32m+[0m[0m vendor_data_file_id  = (known after apply)

          [32m+[0m[0m ip_config {
              [32m+[0m[0m ipv4 {
                  [32m+[0m[0m address = "dhcp"
                }
            }
        }

      [32m+[0m[0m memory {
          [32m+[0m[0m dedicated      = 2048
          [32m+[0m[0m floating       = 2048
          [32m+[0m[0m keep_hugepages = false
          [32m+[0m[0m shared         = 0
        }

      [32m+[0m[0m operating_system {
          [32m+[0m[0m type = "l26"
        }

      [32m+[0m[0m serial_device {
          [32m+[0m[0m device = "socket"
        }

      [32m+[0m[0m tpm_state {
          [32m+[0m[0m datastore_id = "local-lvm"
          [32m+[0m[0m version      = "v2.0"
        }

      [32m+[0m[0m vga (known after apply)

      [32m+[0m[0m virtiofs {
          [32m+[0m[0m cache        = "always"
          [32m+[0m[0m direct_io    = true
          [32m+[0m[0m expose_acl   = false
          [32m+[0m[0m expose_xattr = false
          [32m+[0m[0m mapping      = "data_share"
        }
    }

[1mPlan:[0m [0m1 to add, 0 to change, 0 to destroy.
[33m╷[0m[0m
[33m│[0m [0m[1m[33mWarning: [0m[0m[1mDeprecated value used[0m
[33m│[0m [0m
[33m│[0m [0m[0m  with module.ubuntu-2604.proxmox_virtual_environment_vm.ubuntu-2604,
[33m│[0m [0m  on ../modules/ubuntu-2604/main.tf line 46, in resource "proxmox_virtual_environment_vm" "ubuntu-2604":
[33m│[0m [0m  46:     import_from  = [4mproxmox_virtual_environment_download_file.ubuntu-2604.id[0m[0m
[33m│[0m [0m
[33m│[0m [0m  The deprecation originates from module.ubuntu-2604.proxmox_virtual_environment_download_file.ubuntu-2604
[33m│[0m [0m
[33m│[0m [0mUse "proxmox_download_file" instead. This resource / data source will be
[33m│[0m [0mremoved in v1.0.
[33m│[0m [0m
[33m│[0m [0m(and one more similar warning elsewhere)
[33m╵[0m[0m
[33m╷[0m[0m
[33m│[0m [0m[1m[33mWarning: [0m[0m[1mDeprecated[0m
[33m│[0m [0m
[33m│[0m [0m[0m  with module.ubuntu-2604.proxmox_virtual_environment_download_file.ubuntu-2604,
[33m│[0m [0m  on ../modules/ubuntu-2604/main.tf line 84, in resource "proxmox_virtual_environment_download_file" "ubuntu-2604":
[33m│[0m [0m  84: resource "proxmox_virtual_environment_download_file" "ubuntu-2604" [4m{[0m[0m
[33m│[0m [0m
[33m│[0m [0mUse "proxmox_download_file" instead. This resource / data source will be
[33m│[0m [0mremoved in v1.0.
[33m│[0m [0m
[33m│[0m [0m(and one more similar warning elsewhere)
[33m╵[0m[0m
2026-09-20T10:28:40.267-0600 [DEBUG] command: asking for input: "\nDo you want to perform these actions?"
[0m[1m
Do you want to perform these actions?[0m
  Terraform will perform the actions described above.
  Only 'yes' will be accepted to approve.

  [1mEnter a value:[0m [0m
2026-09-20T10:28:42.447-0600 [INFO]  backend/local: apply calling Apply
2026-09-20T10:28:42.447-0600 [DEBUG] Building and walking apply graph for NormalMode plan
2026-09-20T10:28:42.448-0600 [DEBUG] Resource state not found for node "module.ubuntu-2604.proxmox_virtual_environment_vm.ubuntu-2604", instance module.ubuntu-2604.proxmox_virtual_environment_vm.ubuntu-2604
2026-09-20T10:28:42.448-0600 [DEBUG] adding implicit provider configuration provider["registry.terraform.io/hashicorp/random"], implied first by module.ubuntu-2604.random_password.ubuntu-2604_password (expand)
2026-09-20T10:28:42.448-0600 [DEBUG] adding implicit provider configuration provider["terraform.io/builtin/terraform"], implied first by data.terraform_remote_state.mgmt_state (expand)
2026-09-20T10:28:42.448-0600 [DEBUG] adding implicit provider configuration provider["registry.terraform.io/hashicorp/tls"], implied first by module.ubuntu-2604.tls_private_key.ubuntu-2604_key (expand)
2026-09-20T10:28:42.448-0600 [DEBUG] ProviderTransformer: "module.ubuntu-2604.random_password.ubuntu-2604_password (expand)" (*terraform.nodeExpandApplyableResource) needs provider["registry.terraform.io/hashicorp/random"]
2026-09-20T10:28:42.448-0600 [DEBUG] ProviderTransformer: "module.ubuntu-2604.proxmox_virtual_environment_file.cloud_config (expand)" (*terraform.nodeExpandApplyableResource) needs module.ubuntu-2604.provider["registry.terraform.io/bpg/proxmox"]
2026-09-20T10:28:42.448-0600 [DEBUG] ProviderTransformer: "module.ubuntu-2604.proxmox_virtual_environment_vm.ubuntu-2604" (*terraform.NodeApplyableResourceInstance) needs module.ubuntu-2604.provider["registry.terraform.io/bpg/proxmox"]
2026-09-20T10:28:42.448-0600 [DEBUG] ProviderTransformer: "data.terraform_remote_state.mgmt_state (expand)" (*terraform.nodeExpandApplyableResource) needs provider["terraform.io/builtin/terraform"]
2026-09-20T10:28:42.448-0600 [DEBUG] ProviderTransformer: "module.ubuntu-2604.tls_private_key.ubuntu-2604_key (expand)" (*terraform.nodeExpandApplyableResource) needs provider["registry.terraform.io/hashicorp/tls"]
2026-09-20T10:28:42.448-0600 [DEBUG] ProviderTransformer: "module.ubuntu-2604.proxmox_virtual_environment_vm.ubuntu-2604 (expand)" (*terraform.nodeExpandApplyableResource) needs module.ubuntu-2604.provider["registry.terraform.io/bpg/proxmox"]
2026-09-20T10:28:42.448-0600 [DEBUG] ProviderTransformer: "module.ubuntu-2604.proxmox_virtual_environment_download_file.ubuntu-2604 (expand)" (*terraform.nodeExpandApplyableResource) needs module.ubuntu-2604.provider["registry.terraform.io/bpg/proxmox"]
2026-09-20T10:28:42.448-0600 [DEBUG] pruning unused provider["registry.terraform.io/bpg/proxmox"]
2026-09-20T10:28:42.448-0600 [DEBUG] ReferenceTransformer: "module.ubuntu-2604.tls_private_key.ubuntu-2604_key (expand)" references: []
2026-09-20T10:28:42.448-0600 [DEBUG] ReferenceTransformer: "module.ubuntu-2604.var.vm_disk_size (expand)" references: []
2026-09-20T10:28:42.448-0600 [DEBUG] ReferenceTransformer: "provider[\"registry.terraform.io/hashicorp/random\"]" references: []
2026-09-20T10:28:42.449-0600 [DEBUG] ReferenceTransformer: "module.ubuntu-2604.proxmox_virtual_environment_vm.ubuntu-2604 (expand)" references: [module.ubuntu-2604.var.vm_name (expand) module.ubuntu-2604.var.vm_id (expand) module.ubuntu-2604.var.cpu_cores (expand) module.ubuntu-2604.var.mem_dedicated (expand) module.ubuntu-2604.var.mem_floating (expand) module.ubuntu-2604.var.vm_disk_size (expand) module.ubuntu-2604.proxmox_virtual_environment_download_file.ubuntu-2604 (expand) module.ubuntu-2604.proxmox_virtual_environment_file.cloud_config (expand) module.ubuntu-2604.var.vm_bridge (expand)]
2026-09-20T10:28:42.449-0600 [DEBUG] ReferenceTransformer: "module.ubuntu-2604.proxmox_virtual_environment_vm.ubuntu-2604 (expand)" references: module.ubuntu-2604.var.vm_name (expand)
2026-09-20T10:28:42.449-0600 [DEBUG] ReferenceTransformer: "module.ubuntu-2604.proxmox_virtual_environment_vm.ubuntu-2604 (expand)" references: module.ubuntu-2604.var.vm_id (expand)
2026-09-20T10:28:42.449-0600 [DEBUG] ReferenceTransformer: "module.ubuntu-2604.proxmox_virtual_environment_vm.ubuntu-2604 (expand)" references: module.ubuntu-2604.var.cpu_cores (expand)
2026-09-20T10:28:42.449-0600 [DEBUG] ReferenceTransformer: "module.ubuntu-2604.proxmox_virtual_environment_vm.ubuntu-2604 (expand)" references: module.ubuntu-2604.var.mem_dedicated (expand)
2026-09-20T10:28:42.449-0600 [DEBUG] ReferenceTransformer: "module.ubuntu-2604.proxmox_virtual_environment_vm.ubuntu-2604 (expand)" references: module.ubuntu-2604.var.mem_floating (expand)
2026-09-20T10:28:42.449-0600 [DEBUG] ReferenceTransformer: "module.ubuntu-2604.proxmox_virtual_environment_vm.ubuntu-2604 (expand)" references: module.ubuntu-2604.var.vm_disk_size (expand)
2026-09-20T10:28:42.449-0600 [DEBUG] ReferenceTransformer: "module.ubuntu-2604.proxmox_virtual_environment_vm.ubuntu-2604 (expand)" references: module.ubuntu-2604.proxmox_virtual_environment_download_file.ubuntu-2604 (expand)
2026-09-20T10:28:42.449-0600 [DEBUG] ReferenceTransformer: "module.ubuntu-2604.proxmox_virtual_environment_vm.ubuntu-2604 (expand)" references: module.ubuntu-2604.proxmox_virtual_environment_file.cloud_config (expand)
2026-09-20T10:28:42.449-0600 [DEBUG] ReferenceTransformer: "module.ubuntu-2604.proxmox_virtual_environment_vm.ubuntu-2604 (expand)" references: module.ubuntu-2604.var.vm_bridge (expand)
2026-09-20T10:28:42.449-0600 [DEBUG] ReferenceTransformer: "module.ubuntu-2604.var.mem_dedicated (expand)" references: []
2026-09-20T10:28:42.449-0600 [DEBUG] ReferenceTransformer: "module.ubuntu-2604.var.vm_bridge (expand)" references: []
2026-09-20T10:28:42.449-0600 [DEBUG] ReferenceTransformer: "module.ubuntu-2604.output.ubuntu-2604_public_key (expand)" references: [module.ubuntu-2604.tls_private_key.ubuntu-2604_key (expand)]
2026-09-20T10:28:42.449-0600 [DEBUG] ReferenceTransformer: "module.ubuntu-2604.output.ubuntu-2604_public_key (expand)" references: module.ubuntu-2604.tls_private_key.ubuntu-2604_key (expand)
2026-09-20T10:28:42.449-0600 [DEBUG] ReferenceTransformer: "module.ubuntu-2604.output.ubuntu-2604_private_key (expand)" references: [module.ubuntu-2604.tls_private_key.ubuntu-2604_key (expand)]
2026-09-20T10:28:42.449-0600 [DEBUG] ReferenceTransformer: "module.ubuntu-2604.output.ubuntu-2604_private_key (expand)" references: module.ubuntu-2604.tls_private_key.ubuntu-2604_key (expand)
2026-09-20T10:28:42.449-0600 [DEBUG] ReferenceTransformer: "module.ubuntu-2604.provider[\"registry.terraform.io/bpg/proxmox\"]" references: []
2026-09-20T10:28:42.449-0600 [DEBUG] ReferenceTransformer: "provider[\"registry.terraform.io/hashicorp/tls\"]" references: []
2026-09-20T10:28:42.449-0600 [DEBUG] ReferenceTransformer: "module.ubuntu-2604 (expand)" references: []
2026-09-20T10:28:42.449-0600 [DEBUG] ReferenceTransformer: "module.ubuntu-2604.proxmox_virtual_environment_download_file.ubuntu-2604 (expand)" references: []
2026-09-20T10:28:42.449-0600 [DEBUG] ReferenceTransformer: "module.ubuntu-2604.var.vm_name (expand)" references: []
2026-09-20T10:28:42.449-0600 [DEBUG] ReferenceTransformer: "module.ubuntu-2604.var.mem_floating (expand)" references: []
2026-09-20T10:28:42.449-0600 [DEBUG] ReferenceTransformer: "module.ubuntu-2604.output.ubuntu-2604_password (expand)" references: [module.ubuntu-2604.random_password.ubuntu-2604_password (expand)]
2026-09-20T10:28:42.449-0600 [DEBUG] ReferenceTransformer: "module.ubuntu-2604.output.ubuntu-2604_password (expand)" references: module.ubuntu-2604.random_password.ubuntu-2604_password (expand)
2026-09-20T10:28:42.449-0600 [DEBUG] ReferenceTransformer: "module.ubuntu-2604.random_password.ubuntu-2604_password (expand)" references: []
2026-09-20T10:28:42.449-0600 [DEBUG] ReferenceTransformer: "module.ubuntu-2604.proxmox_virtual_environment_file.cloud_config (expand)" references: [module.ubuntu-2604.var.vm_name (expand) module.ubuntu-2604.tls_private_key.ubuntu-2604_key (expand)]
2026-09-20T10:28:42.449-0600 [DEBUG] ReferenceTransformer: "module.ubuntu-2604.proxmox_virtual_environment_file.cloud_config (expand)" references: module.ubuntu-2604.var.vm_name (expand)
2026-09-20T10:28:42.449-0600 [DEBUG] ReferenceTransformer: "module.ubuntu-2604.proxmox_virtual_environment_file.cloud_config (expand)" references: module.ubuntu-2604.tls_private_key.ubuntu-2604_key (expand)
2026-09-20T10:28:42.449-0600 [DEBUG] ReferenceTransformer: "module.ubuntu-2604.var.vm_id (expand)" references: []
2026-09-20T10:28:42.449-0600 [DEBUG] ReferenceTransformer: "module.ubuntu-2604.var.cpu_cores (expand)" references: []
2026-09-20T10:28:42.449-0600 [DEBUG] ReferenceTransformer: "module.ubuntu-2604.proxmox_virtual_environment_vm.ubuntu-2604" references: [module.ubuntu-2604.var.vm_name (expand) module.ubuntu-2604.var.vm_id (expand) module.ubuntu-2604.var.cpu_cores (expand) module.ubuntu-2604.var.mem_dedicated (expand) module.ubuntu-2604.var.mem_floating (expand) module.ubuntu-2604.var.vm_disk_size (expand) module.ubuntu-2604.proxmox_virtual_environment_download_file.ubuntu-2604 (expand) module.ubuntu-2604.proxmox_virtual_environment_file.cloud_config (expand) module.ubuntu-2604.var.vm_bridge (expand)]
2026-09-20T10:28:42.449-0600 [DEBUG] ReferenceTransformer: "module.ubuntu-2604.proxmox_virtual_environment_vm.ubuntu-2604" references: module.ubuntu-2604.var.vm_name (expand)
2026-09-20T10:28:42.449-0600 [DEBUG] ReferenceTransformer: "module.ubuntu-2604.proxmox_virtual_environment_vm.ubuntu-2604" references: module.ubuntu-2604.var.vm_id (expand)
2026-09-20T10:28:42.449-0600 [DEBUG] ReferenceTransformer: "module.ubuntu-2604.proxmox_virtual_environment_vm.ubuntu-2604" references: module.ubuntu-2604.var.cpu_cores (expand)
2026-09-20T10:28:42.449-0600 [DEBUG] ReferenceTransformer: "module.ubuntu-2604.proxmox_virtual_environment_vm.ubuntu-2604" references: module.ubuntu-2604.var.mem_dedicated (expand)
2026-09-20T10:28:42.449-0600 [DEBUG] ReferenceTransformer: "module.ubuntu-2604.proxmox_virtual_environment_vm.ubuntu-2604" references: module.ubuntu-2604.var.mem_floating (expand)
2026-09-20T10:28:42.449-0600 [DEBUG] ReferenceTransformer: "module.ubuntu-2604.proxmox_virtual_environment_vm.ubuntu-2604" references: module.ubuntu-2604.var.vm_disk_size (expand)
2026-09-20T10:28:42.449-0600 [DEBUG] ReferenceTransformer: "module.ubuntu-2604.proxmox_virtual_environment_vm.ubuntu-2604" references: module.ubuntu-2604.proxmox_virtual_environment_download_file.ubuntu-2604 (expand)
2026-09-20T10:28:42.449-0600 [DEBUG] ReferenceTransformer: "module.ubuntu-2604.proxmox_virtual_environment_vm.ubuntu-2604" references: module.ubuntu-2604.proxmox_virtual_environment_file.cloud_config (expand)
2026-09-20T10:28:42.449-0600 [DEBUG] ReferenceTransformer: "module.ubuntu-2604.proxmox_virtual_environment_vm.ubuntu-2604" references: module.ubuntu-2604.var.vm_bridge (expand)
2026-09-20T10:28:42.449-0600 [DEBUG] ReferenceTransformer: "module.ubuntu-2604 (close)" references: []
2026-09-20T10:28:42.449-0600 [DEBUG] ReferenceTransformer: "provider[\"terraform.io/builtin/terraform\"]" references: []
2026-09-20T10:28:42.449-0600 [DEBUG] ReferenceTransformer: "data.terraform_remote_state.mgmt_state (expand)" references: []
2026-09-20T10:28:42.450-0600 [DEBUG] Starting graph walk: walkApply
2026-09-20T10:28:42.450-0600 [DEBUG] created provider logger: level=debug
2026-09-20T10:28:42.450-0600 [INFO]  provider: configuring client automatic mTLS
2026-09-20T10:28:42.450-0600 [DEBUG] No policy client configured, skipping policy evaluation for module.ubuntu-2604
2026-09-20T10:28:42.454-0600 [DEBUG] provider: starting plugin: path=.terraform/providers/registry.terraform.io/hashicorp/random/3.9.1/linux_amd64/terraform-provider-random_v3.9.1_x5 args=[".terraform/providers/registry.terraform.io/hashicorp/random/3.9.1/linux_amd64/terraform-provider-random_v3.9.1_x5"]
2026-09-20T10:28:42.455-0600 [DEBUG] provider: plugin started: path=.terraform/providers/registry.terraform.io/hashicorp/random/3.9.1/linux_amd64/terraform-provider-random_v3.9.1_x5 pid=24341
2026-09-20T10:28:42.455-0600 [DEBUG] provider: waiting for RPC address: plugin=.terraform/providers/registry.terraform.io/hashicorp/random/3.9.1/linux_amd64/terraform-provider-random_v3.9.1_x5
2026-09-20T10:28:42.458-0600 [INFO]  provider.terraform-provider-random_v3.9.1_x5: configuring server automatic mTLS: timestamp=2026-09-20T10:28:42.458-0600
2026-09-20T10:28:42.472-0600 [DEBUG] provider: using plugin: version=5
2026-09-20T10:28:42.472-0600 [DEBUG] provider.terraform-provider-random_v3.9.1_x5: plugin address: address=/tmp/plugin3114558932 network=unix timestamp=2026-09-20T10:28:42.472-0600
2026-09-20T10:28:42.481-0600 [DEBUG] created provider logger: level=debug
2026-09-20T10:28:42.481-0600 [INFO]  provider: configuring client automatic mTLS
2026-09-20T10:28:42.486-0600 [DEBUG] provider: starting plugin: path=.terraform/providers/registry.terraform.io/hashicorp/tls/4.4.1/linux_amd64/terraform-provider-tls_v4.4.1_x5 args=[".terraform/providers/registry.terraform.io/hashicorp/tls/4.4.1/linux_amd64/terraform-provider-tls_v4.4.1_x5"]
2026-09-20T10:28:42.487-0600 [DEBUG] provider: plugin started: path=.terraform/providers/registry.terraform.io/hashicorp/tls/4.4.1/linux_amd64/terraform-provider-tls_v4.4.1_x5 pid=24350
2026-09-20T10:28:42.487-0600 [DEBUG] provider: waiting for RPC address: plugin=.terraform/providers/registry.terraform.io/hashicorp/tls/4.4.1/linux_amd64/terraform-provider-tls_v4.4.1_x5
2026-09-20T10:28:42.492-0600 [INFO]  provider.terraform-provider-tls_v4.4.1_x5: configuring server automatic mTLS: timestamp=2026-09-20T10:28:42.492-0600
2026-09-20T10:28:42.503-0600 [DEBUG] provider: using plugin: version=5
2026-09-20T10:28:42.503-0600 [DEBUG] provider.terraform-provider-tls_v4.4.1_x5: plugin address: address=/tmp/plugin3856532074 network=unix timestamp=2026-09-20T10:28:42.503-0600
2026-09-20T10:28:42.512-0600 [DEBUG] No policy client configured, skipping policy evaluation for provider["terraform.io/builtin/terraform"]
2026-09-20T10:28:42.512-0600 [DEBUG] created provider logger: level=debug
2026-09-20T10:28:42.512-0600 [INFO]  provider: configuring client automatic mTLS
2026-09-20T10:28:42.516-0600 [DEBUG] provider: starting plugin: path=.terraform/providers/registry.terraform.io/bpg/proxmox/0.112.0/linux_amd64/terraform-provider-proxmox_v0.112.0 args=[".terraform/providers/registry.terraform.io/bpg/proxmox/0.112.0/linux_amd64/terraform-provider-proxmox_v0.112.0"]
2026-09-20T10:28:42.517-0600 [DEBUG] provider: plugin started: path=.terraform/providers/registry.terraform.io/bpg/proxmox/0.112.0/linux_amd64/terraform-provider-proxmox_v0.112.0 pid=24362
2026-09-20T10:28:42.517-0600 [DEBUG] provider: waiting for RPC address: plugin=.terraform/providers/registry.terraform.io/bpg/proxmox/0.112.0/linux_amd64/terraform-provider-proxmox_v0.112.0
2026-09-20T10:28:42.522-0600 [INFO]  provider.terraform-provider-proxmox_v0.112.0: configuring server automatic mTLS: timestamp=2026-09-20T10:28:42.522-0600
2026-09-20T10:28:42.532-0600 [DEBUG] provider.terraform-provider-proxmox_v0.112.0: plugin address: address=/tmp/plugin3024740938 network=unix timestamp=2026-09-20T10:28:42.532-0600
2026-09-20T10:28:42.533-0600 [DEBUG] provider: using plugin: version=6
2026-09-20T10:28:42.541-0600 [DEBUG] provider.terraform-provider-tls_v4.4.1_x5: Configuring provider: tf_req_id=7a68d76f-aa6d-367c-010d-aee8b93f65c7 tf_rpc=Configure @caller=github.com/hashicorp/terraform-provider-tls/internal/provider/provider.go:109 @module=tls tf_provider_addr=registry.terraform.io/hashicorp/tls timestamp=2026-09-20T10:28:42.541-0600
2026-09-20T10:28:42.541-0600 [DEBUG] provider.terraform-provider-tls_v4.4.1_x5: No proxy configuration detected: using provider defaults: tf_provider_addr=registry.terraform.io/hashicorp/tls tf_req_id=7a68d76f-aa6d-367c-010d-aee8b93f65c7 tf_rpc=Configure @caller=github.com/hashicorp/terraform-provider-tls/internal/provider/provider.go:126 @module=tls timestamp=2026-09-20T10:28:42.541-0600
2026-09-20T10:28:42.541-0600 [DEBUG] No policy client configured, skipping policy evaluation for provider["registry.terraform.io/hashicorp/random"]
2026-09-20T10:28:42.541-0600 [DEBUG] No policy client configured, skipping policy evaluation for provider["registry.terraform.io/hashicorp/tls"]
2026-09-20T10:28:42.542-0600 [DEBUG] provider.stdio: received EOF, stopping recv loop: err="rpc error: code = Unavailable desc = error reading from server: EOF"
2026-09-20T10:28:42.542-0600 [INFO]  provider: plugin process exited: plugin=.terraform/providers/registry.terraform.io/hashicorp/tls/4.4.1/linux_amd64/terraform-provider-tls_v4.4.1_x5 id=24350
2026-09-20T10:28:42.542-0600 [DEBUG] provider: plugin exited
2026-09-20T10:28:42.543-0600 [DEBUG] provider.stdio: received EOF, stopping recv loop: err="rpc error: code = Unavailable desc = error reading from server: EOF"
2026-09-20T10:28:42.544-0600 [INFO]  provider: plugin process exited: plugin=.terraform/providers/registry.terraform.io/hashicorp/random/3.9.1/linux_amd64/terraform-provider-random_v3.9.1_x5 id=24341
2026-09-20T10:28:42.544-0600 [DEBUG] provider: plugin exited
2026-09-20T10:28:42.544-0600 [INFO]  provider.terraform-provider-proxmox_v0.112.0: Configuring the Framework Proxmox provider...: tf_req_id=a79b5e54-38fc-4541-8bf6-e9fb0af6304a @caller=/home/runner/work/terraform-provider-proxmox/terraform-provider-proxmox/fwprovider/provider.go:305 @module=proxmox tf_mux_provider="*proto6server.Server" tf_rpc=ConfigureProvider tf_provider_addr=registry.terraform.io/bpg/proxmox timestamp=2026-09-20T10:28:42.544-0600
2026-09-20T10:28:42.545-0600 [INFO]  provider.terraform-provider-proxmox_v0.112.0: Configuring the SDK Proxmox provider...: @caller=/home/runner/work/terraform-provider-proxmox/terraform-provider-proxmox/proxmoxtf/provider/provider.go:50 tf_provider_addr=registry.terraform.io/bpg/proxmox tf_req_id=a79b5e54-38fc-4541-8bf6-e9fb0af6304a tf_rpc=ConfigureProvider @module=proxmox tf_mux_provider=tf5to6server.v5tov6Server timestamp=2026-09-20T10:28:42.545-0600
2026-09-20T10:28:42.546-0600 [DEBUG] No policy client configured, skipping policy evaluation for module.ubuntu-2604.provider["registry.terraform.io/bpg/proxmox"]
2026-09-20T10:28:42.562-0600 [WARN]  Provider "registry.terraform.io/bpg/proxmox" produced an invalid plan for module.ubuntu-2604.proxmox_virtual_environment_vm.ubuntu-2604, but we are tolerating it because it is using the legacy plugin SDK.
    The following problems may be the cause of any confusing errors from downstream operations:
      - .network_device: planned value cty.ListVal([]cty.Value{cty.ObjectVal(map[string]cty.Value{"bridge":cty.StringVal("vmbr0.20"), "disconnected":cty.NullVal(cty.Bool), "enabled":cty.True, "firewall":cty.False, "mac_address":cty.UnknownVal(cty.String), "model":cty.StringVal("virtio"), "mtu":cty.NumberIntVal(0), "queues":cty.NumberIntVal(0), "rate_limit":cty.NumberIntVal(0), "trunks":cty.NullVal(cty.String), "vlan_id":cty.NumberIntVal(0)})}) does not match config value cty.ListVal([]cty.Value{cty.ObjectVal(map[string]cty.Value{"bridge":cty.StringVal("vmbr0.20"), "disconnected":cty.NullVal(cty.Bool), "enabled":cty.NullVal(cty.Bool), "firewall":cty.NullVal(cty.Bool), "mac_address":cty.NullVal(cty.String), "model":cty.NullVal(cty.String), "mtu":cty.NullVal(cty.Number), "queues":cty.NullVal(cty.Number), "rate_limit":cty.NullVal(cty.Number), "trunks":cty.NullVal(cty.String), "vlan_id":cty.NullVal(cty.Number)})})
      - .started: planned value cty.True for a non-computed attribute
      - .on_boot: planned value cty.True for a non-computed attribute
      - .scsi_hardware: planned value cty.StringVal("virtio-scsi-pci") for a non-computed attribute
      - .template: planned value cty.False for a non-computed attribute
      - .timeout_shutdown_vm: planned value cty.NumberIntVal(1800) for a non-computed attribute
      - .protection: planned value cty.False for a non-computed attribute
      - .reboot_after_update: planned value cty.True for a non-computed attribute
      - .timeout_start_vm: planned value cty.NumberIntVal(1800) for a non-computed attribute
      - .reboot: planned value cty.False for a non-computed attribute
      - .tablet_device: planned value cty.True for a non-computed attribute
      - .timeout_migrate: planned value cty.NumberIntVal(1800) for a non-computed attribute
      - .timeout_stop_vm: planned value cty.NumberIntVal(300) for a non-computed attribute
      - .bios: planned value cty.StringVal("seabios") for a non-computed attribute
      - .timeout_move_disk: planned value cty.NumberIntVal(1800) for a non-computed attribute
      - .timeout_reboot: planned value cty.NumberIntVal(1800) for a non-computed attribute
      - .stop_on_destroy: planned value cty.False for a non-computed attribute
      - .delete_unreferenced_disks_on_destroy: planned value cty.True for a non-computed attribute
      - .purge_on_destroy: planned value cty.True for a non-computed attribute
      - .acpi: planned value cty.True for a non-computed attribute
      - .keyboard_layout: planned value cty.StringVal("en-us") for a non-computed attribute
      - .migrate: planned value cty.False for a non-computed attribute
      - .tpm_state[0].datastore_id: planned value cty.StringVal("local-lvm") for a non-computed attribute
      - .vga: planned unknown value for non-computed block
      - .virtiofs[0].expose_acl: planned value cty.False for a non-computed attribute
      - .virtiofs[0].expose_xattr: planned value cty.False for a non-computed attribute
      - .disk[0].replicate: planned value cty.True for a non-computed attribute
      - .disk[0].backup: planned value cty.True for a non-computed attribute
      - .disk[0].iothread: planned value cty.False for a non-computed attribute
      - .disk[0].aio: planned value cty.StringVal("io_uring") for a non-computed attribute
      - .disk[0].queues: planned value cty.NumberIntVal(0) for a non-computed attribute
      - .disk[0].ssd: planned value cty.False for a non-computed attribute
      - .disk[0].cache: planned value cty.StringVal("none") for a non-computed attribute
      - .disk[0].discard: planned value cty.StringVal("ignore") for a non-computed attribute
      - .memory[0].keep_hugepages: planned value cty.False for a non-computed attribute
      - .memory[0].shared: planned value cty.NumberIntVal(0) for a non-computed attribute
      - .agent[0].timeout: planned value cty.StringVal("15m") for a non-computed attribute
      - .agent[0].trim: planned value cty.False for a non-computed attribute
      - .agent[0].type: planned value cty.StringVal("virtio") for a non-computed attribute
      - .cpu[0].hotplugged: planned value cty.NumberIntVal(0) for a non-computed attribute
      - .cpu[0].limit: planned value cty.NumberIntVal(0) for a non-computed attribute
      - .cpu[0].numa: planned value cty.False for a non-computed attribute
      - .cpu[0].sockets: planned value cty.NumberIntVal(1) for a non-computed attribute
      - .serial_device[0].device: planned value cty.StringVal("socket") for a non-computed attribute
[0m[1mmodule.ubuntu-2604.proxmox_virtual_environment_vm.ubuntu-2604: Creating...[0m[0m
2026-09-20T10:28:42.562-0600 [DEBUG] NodeApplyableResourceInstance: invoking before actions for module.ubuntu-2604.proxmox_virtual_environment_vm.ubuntu-2604
2026-09-20T10:28:42.562-0600 [INFO]  Starting apply for module.ubuntu-2604.proxmox_virtual_environment_vm.ubuntu-2604
2026-09-20T10:28:42.563-0600 [DEBUG] module.ubuntu-2604.proxmox_virtual_environment_vm.ubuntu-2604: applying the planned Create change
2026-09-20T10:28:42.565-0600 [DEBUG] provider.terraform-provider-proxmox_v0.112.0: [DEBUG] setting computed for "ipv4_addresses" from ComputedKeys
2026-09-20T10:28:42.565-0600 [DEBUG] provider.terraform-provider-proxmox_v0.112.0: [DEBUG] setting computed for "vga" from ComputedKeys
2026-09-20T10:28:42.565-0600 [DEBUG] provider.terraform-provider-proxmox_v0.112.0: [DEBUG] setting computed for "network_interface_names" from ComputedKeys
2026-09-20T10:28:42.566-0600 [DEBUG] provider.terraform-provider-proxmox_v0.112.0: [DEBUG] setting computed for "ipv6_addresses" from ComputedKeys
2026-09-20T10:28:42.566-0600 [DEBUG] provider.terraform-provider-proxmox_v0.112.0: [DEBUG] setting computed for "boot_order" from ComputedKeys
2026-09-20T10:28:42.566-0600 [DEBUG] provider.terraform-provider-proxmox_v0.112.0: [DEBUG] setting computed for "mac_addresses" from ComputedKeys
2026-09-20T10:28:42.567-0600 [DEBUG] provider.terraform-provider-proxmox_v0.112.0: Sending authentication request: path=/api2/json/access/ticket tf_req_id=c83bcd24-5353-a7d7-31e5-82674f01f821 tf_rpc=ApplyResourceChange @caller=/home/runner/work/terraform-provider-proxmox/terraform-provider-proxmox/proxmox/api/user_auth.go:77 tf_mux_provider=tf5to6server.v5tov6Server tf_provider_addr=registry.terraform.io/bpg/proxmox tf_resource_type=proxmox_virtual_environment_vm @module=proxmox timestamp=2026-09-20T10:28:42.566-0600
2026-09-20T10:28:42.567-0600 [DEBUG] provider.terraform-provider-proxmox_v0.112.0: Sending HTTP Request: Accept-Encoding=gzip Content-Type=application/x-www-form-urlencoded User-Agent=Go-http-client/1.1 tf_provider_addr=registry.terraform.io/bpg/proxmox tf_req_id=c83bcd24-5353-a7d7-31e5-82674f01f821 @module=proxmox tf_http_op_type=request tf_http_req_body="username=root%40pam&password=%24SaUoA%212018" tf_http_req_uri=/api2/json/access/ticket tf_http_req_version=HTTP/1.1 tf_resource_type=proxmox_virtual_environment_vm tf_http_req_method=POST Host=pve:8006 tf_http_trans_id=b9253747-9af9-c92d-964b-26c17bcd442e Content-Length=44 tf_mux_provider=tf5to6server.v5tov6Server tf_rpc=ApplyResourceChange @caller=/home/runner/go/pkg/mod/github.com/hashicorp/terraform-plugin-sdk/v2@v2.40.1/helper/logging/logging_http_transport.go:162 timestamp=2026-09-20T10:28:42.567-0600
2026-09-20T10:28:42.685-0600 [DEBUG] provider.terraform-provider-proxmox_v0.112.0: Received HTTP Response: Expires="Sun, 20 Sep 2026 16:28:42 GMT" Pragma=no-cache tf_http_res_status_reason="200 OK" tf_http_res_version=HTTP/1.1 tf_req_id=c83bcd24-5353-a7d7-31e5-82674f01f821 tf_http_res_status_code=200 @module=proxmox Date="Sun, 20 Sep 2026 16:28:42 GMT" Server=pve-api-daemon/3.0 tf_provider_addr=registry.terraform.io/bpg/proxmox tf_rpc=ApplyResourceChange Content-Type=application/json;charset=UTF-8 tf_http_op_type=response @caller=/home/runner/go/pkg/mod/github.com/hashicorp/terraform-plugin-sdk/v2@v2.40.1/helper/logging/logging_http_transport.go:162 tf_http_res_body="{\"data\":{\"username\":\"root@pam\",\"cap\":{\"storage\":{\"Datastore.Audit\":1,\"Datastore.AllocateTemplate\":1,\"Datastore.AllocateSpace\":1,\"Datastore.Allocate\":1,\"Permissions.Modify\":1},\"dc\":{\"SDN.Use\":1,\"Sys.Audit\":1,\"Sys.Modify\":1,\"SDN.Allocate\":1,\"SDN.Audit\":1},\"access\":{\"Permissions.Modify\":1,\"Group.Allocate\":1,\"User.Modify\":1},\"mapping\":{\"Permissions.Modify\":1,\"Mapping.Audit\":1,\"Mapping.Use\":1,\"Mapping.Modify\":1},\"vms\":{\"VM.GuestAgent.FileSystemMgmt\":1,\"VM.GuestAgent.FileWrite\":1,\"VM.Config.Options\":1,\"VM.Config.Memory\":1,\"VM.Snapshot.Rollback\":1,\"VM.Migrate\":1,\"VM.Snapshot\":1,\"VM.GuestAgent.Audit\":1,\"VM.Replicate\":1,\"VM.Config.Network\":1,\"VM.Console\":1,\"VM.GuestAgent.FileRead\":1,\"VM.Allocate\":1,\"VM.Backup\":1,\"VM.PowerMgmt\":1,\"VM.Config.Disk\":1,\"VM.Clone\":1,\"VM.Config.CDROM\":1,\"VM.GuestAgent.Unrestricted\":1,\"VM.Config.Cloudinit\":1,\"VM.Audit\":1,\"Permissions.Modify\":1,\"VM.Config.CPU\":1,\"VM.Config.HWType\":1},\"nodes\":{\"Sys.AccessNetwork\":1,\"Sys.Incoming\":1,\"Sys.Modify\":1,\"Sys.Audit\":1,\"Sys.Syslog\":1,\"Sys.Console\":1,\"Sys.PowerMgmt\":1,\"Permissions.Modify\":1},\"sdn\":{\"SDN.Audit\":1,\"SDN.Allocate\":1,\"Permissions.Modify\":1,\"SDN.Use\":1}},\"CSRFPreventionToken\":\"6AB009BA:tBTzPNVCDv8FhcLOIiODuVSyqFr7KvfzqqgdyqpxsiQ\",\"ticket\":\"PVE:root@pam:6AB009BA::JQ22h3zzsauElFdxAYoWhS404moT4J8n0OJ+fSzX8diIFaJIIZXZAkJ3JAgVHS2n6HNO8WT899cTIVvCViS/iPTf1lNMTq3MFkq88iBA+QeAMUvQvYomZSv5Qb55Fj8y1RrNQ0+mPvMEj5YjSrAdNoGkBUdDavPhCeoRfq1KJLGetQadLR7j5qFPLrpm3K8YewKGByVLy4T4zGp17EsHcFKYkn5TTS1DOA8Gib9DCEO5YniHPIrk0gtbqxefpqOOJR89M9KmpwzE4e/ZCba6t6vrjX1tTlIEI3yXZp0HE/jI/h4T8ZBW8g2Dlm3xQ5Zqicmk62b6XFK/GAtnrJvsAw==\"}}" tf_http_trans_id=b9253747-9af9-c92d-964b-26c17bcd442e tf_mux_provider=tf5to6server.v5tov6Server tf_resource_type=proxmox_virtual_environment_vm Cache-Control=max-age=0 timestamp=2026-09-20T10:28:42.685-0600
2026-09-20T10:28:42.686-0600 [DEBUG] provider.terraform-provider-proxmox_v0.112.0: Sending HTTP Request: Accept=application/json Accept-Encoding=gzip Content-Length=914 tf_http_trans_id=b808a727-641e-bdc0-8b69-7bd75ea02a50 tf_rpc=ApplyResourceChange tf_http_req_version=HTTP/1.1 tf_provider_addr=registry.terraform.io/bpg/proxmox tf_req_id=c83bcd24-5353-a7d7-31e5-82674f01f821 @caller=/home/runner/go/pkg/mod/github.com/hashicorp/terraform-plugin-sdk/v2@v2.40.1/helper/logging/logging_http_transport.go:162 @module=proxmox Content-Type=application/x-www-form-urlencoded Csrfpreventiontoken=6AB009BA:tBTzPNVCDv8FhcLOIiODuVSyqFr7KvfzqqgdyqpxsiQ tf_http_req_method=POST tf_http_req_uri=/api2/json/nodes/pve/qemu tf_mux_provider=tf5to6server.v5tov6Server Cookie="PVEAuthCookie=PVE:root@pam:6AB009BA::JQ22h3zzsauElFdxAYoWhS404moT4J8n0OJ+fSzX8diIFaJIIZXZAkJ3JAgVHS2n6HNO8WT899cTIVvCViS/iPTf1lNMTq3MFkq88iBA+QeAMUvQvYomZSv5Qb55Fj8y1RrNQ0+mPvMEj5YjSrAdNoGkBUdDavPhCeoRfq1KJLGetQadLR7j5qFPLrpm3K8YewKGByVLy4T4zGp17EsHcFKYkn5TTS1DOA8Gib9DCEO5YniHPIrk0gtbqxefpqOOJR89M9KmpwzE4e/ZCba6t6vrjX1tTlIEI3yXZp0HE/jI/h4T8ZBW8g2Dlm3xQ5Zqicmk62b6XFK/GAtnrJvsAw==" Host=pve:8006 User-Agent=Go-http-client/1.1 tf_http_op_type=request tf_http_req_body="acpi=1&agent=enabled%3D1%2Cfstrim_cloned_disks%3D0%2Ctype%3Dvirtio&balloon=2048&bios=seabios&boot=order%3Dscsi0%3Bnet0&cicustom=user%3Dlocal%3Asnippets%2Fuser-data-cloud-config.yaml&cores=2&cpu=x86-64-v2-AES&description=Managed+by+Terraform&ide2=file%3Ddisks%3Acloudinit%2C&ipconfig0=ip%3Ddhcp&keyboard=en-us&memory=2048&name=jenkins-controller&net0=model%3Dvirtio%2Cbridge%3Dvmbr0.20%2Cfirewall%3D0&numa=0&onboot=1&ostype=l26&protection=0&scsi0=file%3Ddisks%3A0%2Cimport-from%3Dlocal%3Aimport%2Fubuntu-26.04-server-cloudimg-amd64.qcow2%2Csize%3D21474836480%2Caio%3Dio_uring%2Cbackup%3D1%2Ciothread%3D0%2Cssd%3D0%2Cdiscard%3Dignore%2Ccache%3Dnone%2Creplicate%3D1&scsihw=virtio-scsi-pci&serial0=socket&sockets=1&tablet=1&tags=terraform%3Bubuntu-2604&template=0&tpmstate0=file%3Dlocal-lvm%3A1%2Cversion%3Dv2.0&virtiofs0=dirid%3Ddata_share%2Ccache%3Dalways%2Cdirect-io%3D1%2Cexpose-acl%3D0%2Cexpose-xattr%3D0&vmid=200" tf_resource_type=proxmox_virtual_environment_vm timestamp=2026-09-20T10:28:42.686-0600
2026-09-20T10:28:42.701-0600 [DEBUG] provider.terraform-provider-proxmox_v0.112.0: Received HTTP Response: tf_req_id=c83bcd24-5353-a7d7-31e5-82674f01f821 @module=proxmox Cache-Control=max-age=0 tf_provider_addr=registry.terraform.io/bpg/proxmox tf_resource_type=proxmox_virtual_environment_vm Content-Length=89 Date="Sun, 20 Sep 2026 16:28:42 GMT" tf_http_op_type=response tf_http_res_version=HTTP/1.1 tf_mux_provider=tf5to6server.v5tov6Server tf_rpc=ApplyResourceChange Expires="Sun, 20 Sep 2026 16:28:42 GMT" tf_http_res_body="{\"data\":null,\"message\":\"unable to create VM 200 - CT 200 already exists on node 'pve'\n\"}" tf_http_res_status_code=500 tf_http_res_status_reason="500 unable to create VM 200 - CT 200 already exists on node 'pve'" @caller=/home/runner/go/pkg/mod/github.com/hashicorp/terraform-plugin-sdk/v2@v2.40.1/helper/logging/logging_http_transport.go:162 Content-Type=application/json;charset=UTF-8 Pragma=no-cache Server=pve-api-daemon/3.0 tf_http_trans_id=b808a727-641e-bdc0-8b69-7bd75ea02a50 timestamp=2026-09-20T10:28:42.701-0600
2026-09-20T10:28:42.701-0600 [WARN]  provider.terraform-provider-proxmox_v0.112.0: retrying VM create: attempt=0
  error=
  | error creating VM: the requested resource already exists
  | received an HTTP 500 response - Reason: unable to create VM 200 - CT 200 already exists on node 'pve'
   tf_req_id=c83bcd24-5353-a7d7-31e5-82674f01f821 @caller=/home/runner/work/terraform-provider-proxmox/terraform-provider-proxmox/proxmox/retry/retry.go:133 @module=proxmox tf_mux_provider=tf5to6server.v5tov6Server tf_provider_addr=registry.terraform.io/bpg/proxmox tf_resource_type=proxmox_virtual_environment_vm tf_rpc=ApplyResourceChange timestamp=2026-09-20T10:28:42.701-0600
2026-09-20T10:28:43.702-0600 [DEBUG] provider.terraform-provider-proxmox_v0.112.0: Sending HTTP Request: tf_req_id=c83bcd24-5353-a7d7-31e5-82674f01f821 tf_rpc=ApplyResourceChange tf_http_op_type=request Content-Type=application/x-www-form-urlencoded Host=pve:8006 tf_http_req_body="acpi=1&agent=enabled%3D1%2Cfstrim_cloned_disks%3D0%2Ctype%3Dvirtio&balloon=2048&bios=seabios&boot=order%3Dscsi0%3Bnet0&cicustom=user%3Dlocal%3Asnippets%2Fuser-data-cloud-config.yaml&cores=2&cpu=x86-64-v2-AES&description=Managed+by+Terraform&ide2=file%3Ddisks%3Acloudinit%2C&ipconfig0=ip%3Ddhcp&keyboard=en-us&memory=2048&name=jenkins-controller&net0=model%3Dvirtio%2Cbridge%3Dvmbr0.20%2Cfirewall%3D0&numa=0&onboot=1&ostype=l26&protection=0&scsi0=file%3Ddisks%3A0%2Cimport-from%3Dlocal%3Aimport%2Fubuntu-26.04-server-cloudimg-amd64.qcow2%2Csize%3D21474836480%2Caio%3Dio_uring%2Cbackup%3D1%2Ciothread%3D0%2Cssd%3D0%2Cdiscard%3Dignore%2Ccache%3Dnone%2Creplicate%3D1&scsihw=virtio-scsi-pci&serial0=socket&sockets=1&tablet=1&tags=terraform%3Bubuntu-2604&template=0&tpmstate0=file%3Dlocal-lvm%3A1%2Cversion%3Dv2.0&virtiofs0=dirid%3Ddata_share%2Ccache%3Dalways%2Cdirect-io%3D1%2Cexpose-acl%3D0%2Cexpose-xattr%3D0&vmid=200" tf_http_req_method=POST tf_http_req_uri=/api2/json/nodes/pve/qemu @caller=/home/runner/go/pkg/mod/github.com/hashicorp/terraform-plugin-sdk/v2@v2.40.1/helper/logging/logging_http_transport.go:162 Accept=application/json tf_mux_provider=tf5to6server.v5tov6Server Accept-Encoding=gzip Content-Length=914 Cookie="PVEAuthCookie=PVE:root@pam:6AB009BA::JQ22h3zzsauElFdxAYoWhS404moT4J8n0OJ+fSzX8diIFaJIIZXZAkJ3JAgVHS2n6HNO8WT899cTIVvCViS/iPTf1lNMTq3MFkq88iBA+QeAMUvQvYomZSv5Qb55Fj8y1RrNQ0+mPvMEj5YjSrAdNoGkBUdDavPhCeoRfq1KJLGetQadLR7j5qFPLrpm3K8YewKGByVLy4T4zGp17EsHcFKYkn5TTS1DOA8Gib9DCEO5YniHPIrk0gtbqxefpqOOJR89M9KmpwzE4e/ZCba6t6vrjX1tTlIEI3yXZp0HE/jI/h4T8ZBW8g2Dlm3xQ5Zqicmk62b6XFK/GAtnrJvsAw==" tf_http_trans_id=52a20207-2196-0353-b923-6a8b01d916d2 tf_provider_addr=registry.terraform.io/bpg/proxmox tf_resource_type=proxmox_virtual_environment_vm @module=proxmox Csrfpreventiontoken=6AB009BA:tBTzPNVCDv8FhcLOIiODuVSyqFr7KvfzqqgdyqpxsiQ User-Agent=Go-http-client/1.1 tf_http_req_version=HTTP/1.1 timestamp=2026-09-20T10:28:43.702-0600
2026-09-20T10:28:43.721-0600 [DEBUG] provider.terraform-provider-proxmox_v0.112.0: Received HTTP Response: Server=pve-api-daemon/3.0 tf_http_res_body="{\"data\":null,\"message\":\"unable to create VM 200 - CT 200 already exists on node 'pve'\n\"}" tf_http_res_status_reason="500 unable to create VM 200 - CT 200 already exists on node 'pve'" tf_req_id=c83bcd24-5353-a7d7-31e5-82674f01f821 tf_resource_type=proxmox_virtual_environment_vm Content-Length=89 tf_http_op_type=response tf_http_trans_id=52a20207-2196-0353-b923-6a8b01d916d2 tf_mux_provider=tf5to6server.v5tov6Server @caller=/home/runner/go/pkg/mod/github.com/hashicorp/terraform-plugin-sdk/v2@v2.40.1/helper/logging/logging_http_transport.go:162 Cache-Control=max-age=0 Date="Sun, 20 Sep 2026 16:28:43 GMT" Expires="Sun, 20 Sep 2026 16:28:43 GMT" Pragma=no-cache tf_http_res_status_code=500 tf_http_res_version=HTTP/1.1 tf_provider_addr=registry.terraform.io/bpg/proxmox @module=proxmox Content-Type=application/json;charset=UTF-8 tf_rpc=ApplyResourceChange timestamp=2026-09-20T10:28:43.721-0600
2026-09-20T10:28:43.721-0600 [INFO]  provider.terraform-provider-proxmox_v0.112.0: Resizing disks after VM creation: @caller=/home/runner/work/terraform-provider-proxmox/terraform-provider-proxmox/proxmoxtf/resource/vm/vm.go:3460 @module=proxmox tf_mux_provider=tf5to6server.v5tov6Server tf_provider_addr=registry.terraform.io/bpg/proxmox tf_req_id=c83bcd24-5353-a7d7-31e5-82674f01f821 tf_resource_type=proxmox_virtual_environment_vm tf_rpc=ApplyResourceChange timestamp=2026-09-20T10:28:43.721-0600
2026-09-20T10:28:43.721-0600 [INFO]  provider.terraform-provider-proxmox_v0.112.0: VM 200: Resizing disk scsi0: tf_rpc=ApplyResourceChange @caller=/home/runner/work/terraform-provider-proxmox/terraform-provider-proxmox/proxmoxtf/resource/vm/vm.go:3463 tf_mux_provider=tf5to6server.v5tov6Server tf_provider_addr=registry.terraform.io/bpg/proxmox tf_resource_type=proxmox_virtual_environment_vm @module=proxmox tf_req_id=c83bcd24-5353-a7d7-31e5-82674f01f821 timestamp=2026-09-20T10:28:43.721-0600
2026-09-20T10:28:43.721-0600 [DEBUG] provider.terraform-provider-proxmox_v0.112.0: Sending HTTP Request: tf_http_req_body="disk=scsi0&size=21474836480" Accept-Encoding=gzip Cookie="PVEAuthCookie=PVE:root@pam:6AB009BA::JQ22h3zzsauElFdxAYoWhS404moT4J8n0OJ+fSzX8diIFaJIIZXZAkJ3JAgVHS2n6HNO8WT899cTIVvCViS/iPTf1lNMTq3MFkq88iBA+QeAMUvQvYomZSv5Qb55Fj8y1RrNQ0+mPvMEj5YjSrAdNoGkBUdDavPhCeoRfq1KJLGetQadLR7j5qFPLrpm3K8YewKGByVLy4T4zGp17EsHcFKYkn5TTS1DOA8Gib9DCEO5YniHPIrk0gtbqxefpqOOJR89M9KmpwzE4e/ZCba6t6vrjX1tTlIEI3yXZp0HE/jI/h4T8ZBW8g2Dlm3xQ5Zqicmk62b6XFK/GAtnrJvsAw==" tf_http_req_uri=/api2/json/nodes/pve/qemu/200/resize tf_http_trans_id=8f87aa0e-bc69-99a4-7d1a-9d4fb98f3cf1 tf_mux_provider=tf5to6server.v5tov6Server @module=proxmox Csrfpreventiontoken=6AB009BA:tBTzPNVCDv8FhcLOIiODuVSyqFr7KvfzqqgdyqpxsiQ tf_http_req_method=PUT tf_req_id=c83bcd24-5353-a7d7-31e5-82674f01f821 tf_rpc=ApplyResourceChange Accept=application/json User-Agent=Go-http-client/1.1 tf_http_req_version=HTTP/1.1 tf_provider_addr=registry.terraform.io/bpg/proxmox tf_resource_type=proxmox_virtual_environment_vm @caller=/home/runner/go/pkg/mod/github.com/hashicorp/terraform-plugin-sdk/v2@v2.40.1/helper/logging/logging_http_transport.go:162 Content-Length=27 Content-Type=application/x-www-form-urlencoded Host=pve:8006 tf_http_op_type=request timestamp=2026-09-20T10:28:43.721-0600
2026-09-20T10:28:43.741-0600 [DEBUG] provider.terraform-provider-proxmox_v0.112.0: Received HTTP Response: tf_mux_provider=tf5to6server.v5tov6Server tf_req_id=c83bcd24-5353-a7d7-31e5-82674f01f821 tf_rpc=ApplyResourceChange tf_http_op_type=response tf_http_res_body="{\"data\":\"UPID:pve:000610F5:00E5DED1:6AB009BB:resize:200:root@pam:\"}" tf_http_trans_id=8f87aa0e-bc69-99a4-7d1a-9d4fb98f3cf1 Cache-Control=max-age=0 Date="Sun, 20 Sep 2026 16:28:43 GMT" tf_provider_addr=registry.terraform.io/bpg/proxmox Content-Length=67 Expires="Sun, 20 Sep 2026 16:28:43 GMT" Server=pve-api-daemon/3.0 tf_http_res_status_code=200 tf_http_res_status_reason="200 OK" tf_http_res_version=HTTP/1.1 tf_resource_type=proxmox_virtual_environment_vm @caller=/home/runner/go/pkg/mod/github.com/hashicorp/terraform-plugin-sdk/v2@v2.40.1/helper/logging/logging_http_transport.go:162 @module=proxmox Content-Type=application/json;charset=UTF-8 Pragma=no-cache timestamp=2026-09-20T10:28:43.741-0600
2026-09-20T10:28:43.741-0600 [DEBUG] provider.terraform-provider-proxmox_v0.112.0: Sending HTTP Request: tf_http_req_version=HTTP/1.1 tf_http_trans_id=733a4c77-031e-0a83-2315-346fcd7aaec1 tf_rpc=ApplyResourceChange tf_http_req_method=GET @module=proxmox Host=pve:8006 User-Agent=Go-http-client/1.1 Accept=application/json Cookie="PVEAuthCookie=PVE:root@pam:6AB009BA::JQ22h3zzsauElFdxAYoWhS404moT4J8n0OJ+fSzX8diIFaJIIZXZAkJ3JAgVHS2n6HNO8WT899cTIVvCViS/iPTf1lNMTq3MFkq88iBA+QeAMUvQvYomZSv5Qb55Fj8y1RrNQ0+mPvMEj5YjSrAdNoGkBUdDavPhCeoRfq1KJLGetQadLR7j5qFPLrpm3K8YewKGByVLy4T4zGp17EsHcFKYkn5TTS1DOA8Gib9DCEO5YniHPIrk0gtbqxefpqOOJR89M9KmpwzE4e/ZCba6t6vrjX1tTlIEI3yXZp0HE/jI/h4T8ZBW8g2Dlm3xQ5Zqicmk62b6XFK/GAtnrJvsAw==" tf_http_req_body="" tf_http_req_uri=/api2/json/nodes/pve/tasks/UPID:pve:000610F5:00E5DED1:6AB009BB:resize:200:root@pam:/status tf_req_id=c83bcd24-5353-a7d7-31e5-82674f01f821 tf_http_op_type=request @caller=/home/runner/go/pkg/mod/github.com/hashicorp/terraform-plugin-sdk/v2@v2.40.1/helper/logging/logging_http_transport.go:162 Accept-Encoding=gzip tf_mux_provider=tf5to6server.v5tov6Server tf_provider_addr=registry.terraform.io/bpg/proxmox tf_resource_type=proxmox_virtual_environment_vm timestamp=2026-09-20T10:28:43.741-0600
2026-09-20T10:28:43.753-0600 [DEBUG] provider.terraform-provider-proxmox_v0.112.0: Received HTTP Response: Content-Length=289 Expires="Sun, 20 Sep 2026 16:28:43 GMT" Pragma=no-cache tf_http_op_type=response tf_http_res_body="{\"data\":{\"id\":\"200\",\"exitstatus\":\"Configuration file 'nodes/pve/qemu-server/200.conf' does not exist\",\"node\":\"pve\",\"user\":\"root@pam\",\"status\":\"stopped\",\"upid\":\"UPID:pve:000610F5:00E5DED1:6AB009BB:resize:200:root@pam:\",\"starttime\":1789921723,\"pid\":397557,\"pstart\":15064785,\"type\":\"resize\"}}" tf_http_res_status_reason="200 OK" Content-Type=application/json;charset=UTF-8 Server=pve-api-daemon/3.0 tf_http_res_status_code=200 tf_http_res_version=HTTP/1.1 tf_resource_type=proxmox_virtual_environment_vm tf_rpc=ApplyResourceChange @caller=/home/runner/go/pkg/mod/github.com/hashicorp/terraform-plugin-sdk/v2@v2.40.1/helper/logging/logging_http_transport.go:162 Cache-Control=max-age=0 tf_http_trans_id=733a4c77-031e-0a83-2315-346fcd7aaec1 tf_provider_addr=registry.terraform.io/bpg/proxmox tf_req_id=c83bcd24-5353-a7d7-31e5-82674f01f821 @module=proxmox Date="Sun, 20 Sep 2026 16:28:43 GMT" tf_mux_provider=tf5to6server.v5tov6Server timestamp=2026-09-20T10:28:43.752-0600
2026-09-20T10:28:43.753-0600 [DEBUG] provider.terraform-provider-proxmox_v0.112.0: Sending HTTP Request: tf_http_req_uri=/api2/json/nodes/pve/tasks/UPID:pve:000610F5:00E5DED1:6AB009BB:resize:200:root@pam:/log @module=proxmox Accept-Encoding=gzip Cookie="PVEAuthCookie=PVE:root@pam:6AB009BA::JQ22h3zzsauElFdxAYoWhS404moT4J8n0OJ+fSzX8diIFaJIIZXZAkJ3JAgVHS2n6HNO8WT899cTIVvCViS/iPTf1lNMTq3MFkq88iBA+QeAMUvQvYomZSv5Qb55Fj8y1RrNQ0+mPvMEj5YjSrAdNoGkBUdDavPhCeoRfq1KJLGetQadLR7j5qFPLrpm3K8YewKGByVLy4T4zGp17EsHcFKYkn5TTS1DOA8Gib9DCEO5YniHPIrk0gtbqxefpqOOJR89M9KmpwzE4e/ZCba6t6vrjX1tTlIEI3yXZp0HE/jI/h4T8ZBW8g2Dlm3xQ5Zqicmk62b6XFK/GAtnrJvsAw==" Host=pve:8006 tf_http_req_method=GET tf_resource_type=proxmox_virtual_environment_vm @caller=/home/runner/go/pkg/mod/github.com/hashicorp/terraform-plugin-sdk/v2@v2.40.1/helper/logging/logging_http_transport.go:162 tf_provider_addr=registry.terraform.io/bpg/proxmox tf_req_id=c83bcd24-5353-a7d7-31e5-82674f01f821 tf_rpc=ApplyResourceChange Accept=application/json tf_http_req_body="" tf_http_req_version=HTTP/1.1 User-Agent=Go-http-client/1.1 tf_http_op_type=request tf_http_trans_id=e0a9ca4b-487b-2cc3-1530-d1d67b5e1950 tf_mux_provider=tf5to6server.v5tov6Server timestamp=2026-09-20T10:28:43.753-0600
2026-09-20T10:28:43.762-0600 [DEBUG] provider.terraform-provider-proxmox_v0.112.0: Received HTTP Response: tf_http_res_status_reason="200 OK" tf_http_trans_id=e0a9ca4b-487b-2cc3-1530-d1d67b5e1950 tf_req_id=c83bcd24-5353-a7d7-31e5-82674f01f821 tf_rpc=ApplyResourceChange Cache-Control=max-age=0 Content-Type=application/json;charset=UTF-8 Pragma=no-cache Content-Length=113 Date="Sun, 20 Sep 2026 16:28:43 GMT" tf_http_res_body="{\"data\":[{\"t\":\"TASK ERROR: Configuration file 'nodes/pve/qemu-server/200.conf' does not exist\",\"n\":1}],\"total\":1}" tf_http_res_status_code=200 tf_provider_addr=registry.terraform.io/bpg/proxmox @caller=/home/runner/go/pkg/mod/github.com/hashicorp/terraform-plugin-sdk/v2@v2.40.1/helper/logging/logging_http_transport.go:162 @module=proxmox tf_http_op_type=response tf_http_res_version=HTTP/1.1 tf_mux_provider=tf5to6server.v5tov6Server tf_resource_type=proxmox_virtual_environment_vm Expires="Sun, 20 Sep 2026 16:28:43 GMT" Server=pve-api-daemon/3.0 timestamp=2026-09-20T10:28:43.762-0600
2026-09-20T10:28:43.762-0600 [WARN]  provider.terraform-provider-proxmox_v0.112.0: retrying VM disk resize:
  error=
  | task "UPID:pve:000610F5:00E5DED1:6AB009BB:resize:200:root@pam:" failed to complete with exit code: Configuration file 'nodes/pve/qemu-server/200.conf' does not exist
  | task log:
  |   TASK ERROR: Configuration file 'nodes/pve/qemu-server/200.conf' does not exist
   tf_mux_provider=tf5to6server.v5tov6Server tf_provider_addr=registry.terraform.io/bpg/proxmox tf_resource_type=proxmox_virtual_environment_vm tf_rpc=ApplyResourceChange @module=proxmox attempt=0 tf_req_id=c83bcd24-5353-a7d7-31e5-82674f01f821 @caller=/home/runner/work/terraform-provider-proxmox/terraform-provider-proxmox/proxmox/retry/retry.go:204 timestamp=2026-09-20T10:28:43.762-0600
2026-09-20T10:28:44.763-0600 [DEBUG] provider.terraform-provider-proxmox_v0.112.0: Sending HTTP Request: tf_mux_provider=tf5to6server.v5tov6Server tf_resource_type=proxmox_virtual_environment_vm @caller=/home/runner/go/pkg/mod/github.com/hashicorp/terraform-plugin-sdk/v2@v2.40.1/helper/logging/logging_http_transport.go:162 Accept-Encoding=gzip tf_http_req_method=PUT tf_req_id=c83bcd24-5353-a7d7-31e5-82674f01f821 @module=proxmox Accept=application/json Content-Type=application/x-www-form-urlencoded tf_http_op_type=request tf_http_req_uri=/api2/json/nodes/pve/qemu/200/resize tf_http_req_version=HTTP/1.1 tf_http_trans_id=ef0c8aa0-e3e0-547b-88a9-990bc8ec616e tf_provider_addr=registry.terraform.io/bpg/proxmox Content-Length=27 Host=pve:8006 User-Agent=Go-http-client/1.1 tf_http_req_body="disk=scsi0&size=21474836480" tf_rpc=ApplyResourceChange Cookie="PVEAuthCookie=PVE:root@pam:6AB009BA::JQ22h3zzsauElFdxAYoWhS404moT4J8n0OJ+fSzX8diIFaJIIZXZAkJ3JAgVHS2n6HNO8WT899cTIVvCViS/iPTf1lNMTq3MFkq88iBA+QeAMUvQvYomZSv5Qb55Fj8y1RrNQ0+mPvMEj5YjSrAdNoGkBUdDavPhCeoRfq1KJLGetQadLR7j5qFPLrpm3K8YewKGByVLy4T4zGp17EsHcFKYkn5TTS1DOA8Gib9DCEO5YniHPIrk0gtbqxefpqOOJR89M9KmpwzE4e/ZCba6t6vrjX1tTlIEI3yXZp0HE/jI/h4T8ZBW8g2Dlm3xQ5Zqicmk62b6XFK/GAtnrJvsAw==" Csrfpreventiontoken=6AB009BA:tBTzPNVCDv8FhcLOIiODuVSyqFr7KvfzqqgdyqpxsiQ timestamp=2026-09-20T10:28:44.763-0600
2026-09-20T10:28:44.790-0600 [DEBUG] provider.terraform-provider-proxmox_v0.112.0: Received HTTP Response: Content-Length=67 Content-Type=application/json;charset=UTF-8 tf_http_res_body="{\"data\":\"UPID:pve:000610F8:00E5DF3A:6AB009BC:resize:200:root@pam:\"}" tf_http_res_status_code=200 tf_http_trans_id=ef0c8aa0-e3e0-547b-88a9-990bc8ec616e @module=proxmox Cache-Control=max-age=0 Date="Sun, 20 Sep 2026 16:28:44 GMT" Server=pve-api-daemon/3.0 tf_req_id=c83bcd24-5353-a7d7-31e5-82674f01f821 tf_resource_type=proxmox_virtual_environment_vm @caller=/home/runner/go/pkg/mod/github.com/hashicorp/terraform-plugin-sdk/v2@v2.40.1/helper/logging/logging_http_transport.go:162 Expires="Sun, 20 Sep 2026 16:28:44 GMT" Pragma=no-cache tf_http_res_status_reason="200 OK" tf_rpc=ApplyResourceChange tf_http_op_type=response tf_http_res_version=HTTP/1.1 tf_mux_provider=tf5to6server.v5tov6Server tf_provider_addr=registry.terraform.io/bpg/proxmox timestamp=2026-09-20T10:28:44.789-0600
2026-09-20T10:28:44.790-0600 [DEBUG] provider.terraform-provider-proxmox_v0.112.0: Sending HTTP Request: @caller=/home/runner/go/pkg/mod/github.com/hashicorp/terraform-plugin-sdk/v2@v2.40.1/helper/logging/logging_http_transport.go:162 @module=proxmox Host=pve:8006 tf_http_req_method=GET tf_http_req_uri=/api2/json/nodes/pve/tasks/UPID:pve:000610F8:00E5DF3A:6AB009BC:resize:200:root@pam:/status tf_http_trans_id=dd3f3048-437e-6cd8-4e8d-a610a687ad56 Accept-Encoding=gzip Cookie="PVEAuthCookie=PVE:root@pam:6AB009BA::JQ22h3zzsauElFdxAYoWhS404moT4J8n0OJ+fSzX8diIFaJIIZXZAkJ3JAgVHS2n6HNO8WT899cTIVvCViS/iPTf1lNMTq3MFkq88iBA+QeAMUvQvYomZSv5Qb55Fj8y1RrNQ0+mPvMEj5YjSrAdNoGkBUdDavPhCeoRfq1KJLGetQadLR7j5qFPLrpm3K8YewKGByVLy4T4zGp17EsHcFKYkn5TTS1DOA8Gib9DCEO5YniHPIrk0gtbqxefpqOOJR89M9KmpwzE4e/ZCba6t6vrjX1tTlIEI3yXZp0HE/jI/h4T8ZBW8g2Dlm3xQ5Zqicmk62b6XFK/GAtnrJvsAw==" tf_http_op_type=request tf_mux_provider=tf5to6server.v5tov6Server tf_provider_addr=registry.terraform.io/bpg/proxmox User-Agent=Go-http-client/1.1 tf_http_req_version=HTTP/1.1 tf_req_id=c83bcd24-5353-a7d7-31e5-82674f01f821 tf_resource_type=proxmox_virtual_environment_vm Accept=application/json tf_http_req_body="" tf_rpc=ApplyResourceChange timestamp=2026-09-20T10:28:44.790-0600
2026-09-20T10:28:44.801-0600 [DEBUG] provider.terraform-provider-proxmox_v0.112.0: Received HTTP Response: Date="Sun, 20 Sep 2026 16:28:44 GMT" Pragma=no-cache tf_http_op_type=response tf_http_res_version=HTTP/1.1 tf_mux_provider=tf5to6server.v5tov6Server tf_resource_type=proxmox_virtual_environment_vm tf_rpc=ApplyResourceChange Content-Length=289 Expires="Sun, 20 Sep 2026 16:28:44 GMT" Server=pve-api-daemon/3.0 tf_http_trans_id=dd3f3048-437e-6cd8-4e8d-a610a687ad56 @module=proxmox Cache-Control=max-age=0 Content-Type=application/json;charset=UTF-8 tf_http_res_body="{\"data\":{\"node\":\"pve\",\"id\":\"200\",\"exitstatus\":\"Configuration file 'nodes/pve/qemu-server/200.conf' does not exist\",\"status\":\"stopped\",\"user\":\"root@pam\",\"pid\":397560,\"upid\":\"UPID:pve:000610F8:00E5DF3A:6AB009BC:resize:200:root@pam:\",\"starttime\":1789921724,\"type\":\"resize\",\"pstart\":15064890}}" tf_http_res_status_code=200 tf_http_res_status_reason="200 OK" tf_provider_addr=registry.terraform.io/bpg/proxmox @caller=/home/runner/go/pkg/mod/github.com/hashicorp/terraform-plugin-sdk/v2@v2.40.1/helper/logging/logging_http_transport.go:162 tf_req_id=c83bcd24-5353-a7d7-31e5-82674f01f821 timestamp=2026-09-20T10:28:44.801-0600
2026-09-20T10:28:44.801-0600 [DEBUG] provider.terraform-provider-proxmox_v0.112.0: Sending HTTP Request: tf_mux_provider=tf5to6server.v5tov6Server tf_resource_type=proxmox_virtual_environment_vm @module=proxmox Accept-Encoding=gzip tf_http_trans_id=933d77d4-b046-6b80-066f-f6cfb0593bcc tf_rpc=ApplyResourceChange Accept=application/json tf_http_req_body="" tf_http_req_method=GET tf_http_req_version=HTTP/1.1 @caller=/home/runner/go/pkg/mod/github.com/hashicorp/terraform-plugin-sdk/v2@v2.40.1/helper/logging/logging_http_transport.go:162 Cookie="PVEAuthCookie=PVE:root@pam:6AB009BA::JQ22h3zzsauElFdxAYoWhS404moT4J8n0OJ+fSzX8diIFaJIIZXZAkJ3JAgVHS2n6HNO8WT899cTIVvCViS/iPTf1lNMTq3MFkq88iBA+QeAMUvQvYomZSv5Qb55Fj8y1RrNQ0+mPvMEj5YjSrAdNoGkBUdDavPhCeoRfq1KJLGetQadLR7j5qFPLrpm3K8YewKGByVLy4T4zGp17EsHcFKYkn5TTS1DOA8Gib9DCEO5YniHPIrk0gtbqxefpqOOJR89M9KmpwzE4e/ZCba6t6vrjX1tTlIEI3yXZp0HE/jI/h4T8ZBW8g2Dlm3xQ5Zqicmk62b6XFK/GAtnrJvsAw==" Host=pve:8006 tf_http_req_uri=/api2/json/nodes/pve/tasks/UPID:pve:000610F8:00E5DF3A:6AB009BC:resize:200:root@pam:/log tf_provider_addr=registry.terraform.io/bpg/proxmox tf_req_id=c83bcd24-5353-a7d7-31e5-82674f01f821 User-Agent=Go-http-client/1.1 tf_http_op_type=request timestamp=2026-09-20T10:28:44.801-0600
2026-09-20T10:28:44.811-0600 [DEBUG] provider.terraform-provider-proxmox_v0.112.0: Received HTTP Response: Expires="Sun, 20 Sep 2026 16:28:44 GMT" tf_req_id=c83bcd24-5353-a7d7-31e5-82674f01f821 @caller=/home/runner/go/pkg/mod/github.com/hashicorp/terraform-plugin-sdk/v2@v2.40.1/helper/logging/logging_http_transport.go:162 Cache-Control=max-age=0 Pragma=no-cache tf_http_res_version=HTTP/1.1 tf_mux_provider=tf5to6server.v5tov6Server Content-Length=113 Content-Type=application/json;charset=UTF-8 Server=pve-api-daemon/3.0 tf_http_op_type=response tf_http_res_body="{\"data\":[{\"n\":1,\"t\":\"TASK ERROR: Configuration file 'nodes/pve/qemu-server/200.conf' does not exist\"}],\"total\":1}" tf_http_trans_id=933d77d4-b046-6b80-066f-f6cfb0593bcc tf_http_res_status_code=200 tf_http_res_status_reason="200 OK" tf_provider_addr=registry.terraform.io/bpg/proxmox tf_resource_type=proxmox_virtual_environment_vm tf_rpc=ApplyResourceChange @module=proxmox Date="Sun, 20 Sep 2026 16:28:44 GMT" timestamp=2026-09-20T10:28:44.811-0600
2026-09-20T10:28:44.811-0600 [WARN]  provider.terraform-provider-proxmox_v0.112.0: retrying VM disk resize: @module=proxmox tf_mux_provider=tf5to6server.v5tov6Server tf_provider_addr=registry.terraform.io/bpg/proxmox tf_req_id=c83bcd24-5353-a7d7-31e5-82674f01f821 tf_resource_type=proxmox_virtual_environment_vm tf_rpc=ApplyResourceChange @caller=/home/runner/work/terraform-provider-proxmox/terraform-provider-proxmox/proxmox/retry/retry.go:204 attempt=1
  error=
  | task "UPID:pve:000610F8:00E5DF3A:6AB009BC:resize:200:root@pam:" failed to complete with exit code: Configuration file 'nodes/pve/qemu-server/200.conf' does not exist
  | task log:
  |   TASK ERROR: Configuration file 'nodes/pve/qemu-server/200.conf' does not exist
   timestamp=2026-09-20T10:28:44.811-0600
2026-09-20T10:28:46.812-0600 [DEBUG] provider.terraform-provider-proxmox_v0.112.0: Sending HTTP Request: tf_http_op_type=request tf_provider_addr=registry.terraform.io/bpg/proxmox Accept-Encoding=gzip Csrfpreventiontoken=6AB009BA:tBTzPNVCDv8FhcLOIiODuVSyqFr7KvfzqqgdyqpxsiQ User-Agent=Go-http-client/1.1 tf_http_req_body="disk=scsi0&size=21474836480" tf_http_req_version=HTTP/1.1 tf_http_trans_id=73ce8da9-72d8-d57b-cf72-65423928999c tf_resource_type=proxmox_virtual_environment_vm tf_rpc=ApplyResourceChange @module=proxmox Cookie="PVEAuthCookie=PVE:root@pam:6AB009BA::JQ22h3zzsauElFdxAYoWhS404moT4J8n0OJ+fSzX8diIFaJIIZXZAkJ3JAgVHS2n6HNO8WT899cTIVvCViS/iPTf1lNMTq3MFkq88iBA+QeAMUvQvYomZSv5Qb55Fj8y1RrNQ0+mPvMEj5YjSrAdNoGkBUdDavPhCeoRfq1KJLGetQadLR7j5qFPLrpm3K8YewKGByVLy4T4zGp17EsHcFKYkn5TTS1DOA8Gib9DCEO5YniHPIrk0gtbqxefpqOOJR89M9KmpwzE4e/ZCba6t6vrjX1tTlIEI3yXZp0HE/jI/h4T8ZBW8g2Dlm3xQ5Zqicmk62b6XFK/GAtnrJvsAw==" tf_req_id=c83bcd24-5353-a7d7-31e5-82674f01f821 @caller=/home/runner/go/pkg/mod/github.com/hashicorp/terraform-plugin-sdk/v2@v2.40.1/helper/logging/logging_http_transport.go:162 Accept=application/json Content-Length=27 Content-Type=application/x-www-form-urlencoded Host=pve:8006 tf_http_req_method=PUT tf_http_req_uri=/api2/json/nodes/pve/qemu/200/resize tf_mux_provider=tf5to6server.v5tov6Server timestamp=2026-09-20T10:28:46.812-0600
2026-09-20T10:28:46.836-0600 [DEBUG] provider.terraform-provider-proxmox_v0.112.0: Received HTTP Response: tf_http_res_version=HTTP/1.1 tf_mux_provider=tf5to6server.v5tov6Server tf_req_id=c83bcd24-5353-a7d7-31e5-82674f01f821 Pragma=no-cache tf_provider_addr=registry.terraform.io/bpg/proxmox Cache-Control=max-age=0 Content-Type=application/json;charset=UTF-8 Date="Sun, 20 Sep 2026 16:28:46 GMT" tf_http_res_body="{\"data\":\"UPID:pve:000610F9:00E5E007:6AB009BE:resize:200:root@pam:\"}" tf_http_res_status_code=200 tf_rpc=ApplyResourceChange @caller=/home/runner/go/pkg/mod/github.com/hashicorp/terraform-plugin-sdk/v2@v2.40.1/helper/logging/logging_http_transport.go:162 @module=proxmox Expires="Sun, 20 Sep 2026 16:28:46 GMT" Server=pve-api-daemon/3.0 tf_http_res_status_reason="200 OK" tf_http_trans_id=73ce8da9-72d8-d57b-cf72-65423928999c tf_resource_type=proxmox_virtual_environment_vm Content-Length=67 tf_http_op_type=response timestamp=2026-09-20T10:28:46.836-0600
2026-09-20T10:28:46.836-0600 [DEBUG] provider.terraform-provider-proxmox_v0.112.0: Sending HTTP Request: Cookie="PVEAuthCookie=PVE:root@pam:6AB009BA::JQ22h3zzsauElFdxAYoWhS404moT4J8n0OJ+fSzX8diIFaJIIZXZAkJ3JAgVHS2n6HNO8WT899cTIVvCViS/iPTf1lNMTq3MFkq88iBA+QeAMUvQvYomZSv5Qb55Fj8y1RrNQ0+mPvMEj5YjSrAdNoGkBUdDavPhCeoRfq1KJLGetQadLR7j5qFPLrpm3K8YewKGByVLy4T4zGp17EsHcFKYkn5TTS1DOA8Gib9DCEO5YniHPIrk0gtbqxefpqOOJR89M9KmpwzE4e/ZCba6t6vrjX1tTlIEI3yXZp0HE/jI/h4T8ZBW8g2Dlm3xQ5Zqicmk62b6XFK/GAtnrJvsAw==" User-Agent=Go-http-client/1.1 tf_http_req_body="" tf_http_req_uri=/api2/json/nodes/pve/tasks/UPID:pve:000610F9:00E5E007:6AB009BE:resize:200:root@pam:/status tf_mux_provider=tf5to6server.v5tov6Server Host=pve:8006 tf_http_op_type=request tf_http_trans_id=56bd0260-151f-37fa-4baf-57a53d3c8d3a tf_provider_addr=registry.terraform.io/bpg/proxmox tf_rpc=ApplyResourceChange tf_http_req_method=GET tf_http_req_version=HTTP/1.1 tf_resource_type=proxmox_virtual_environment_vm @caller=/home/runner/go/pkg/mod/github.com/hashicorp/terraform-plugin-sdk/v2@v2.40.1/helper/logging/logging_http_transport.go:162 Accept=application/json tf_req_id=c83bcd24-5353-a7d7-31e5-82674f01f821 @module=proxmox Accept-Encoding=gzip timestamp=2026-09-20T10:28:46.836-0600
2026-09-20T10:28:46.847-0600 [DEBUG] provider.terraform-provider-proxmox_v0.112.0: Received HTTP Response: tf_http_trans_id=56bd0260-151f-37fa-4baf-57a53d3c8d3a Content-Length=289 Content-Type=application/json;charset=UTF-8 tf_http_res_version=HTTP/1.1 @module=proxmox Pragma=no-cache tf_http_res_body="{\"data\":{\"id\":\"200\",\"exitstatus\":\"Configuration file 'nodes/pve/qemu-server/200.conf' does not exist\",\"node\":\"pve\",\"status\":\"stopped\",\"user\":\"root@pam\",\"upid\":\"UPID:pve:000610F9:00E5E007:6AB009BE:resize:200:root@pam:\",\"starttime\":1789921726,\"pid\":397561,\"pstart\":15065095,\"type\":\"resize\"}}" tf_http_res_status_code=200 tf_mux_provider=tf5to6server.v5tov6Server tf_provider_addr=registry.terraform.io/bpg/proxmox tf_req_id=c83bcd24-5353-a7d7-31e5-82674f01f821 tf_resource_type=proxmox_virtual_environment_vm Server=pve-api-daemon/3.0 tf_rpc=ApplyResourceChange @caller=/home/runner/go/pkg/mod/github.com/hashicorp/terraform-plugin-sdk/v2@v2.40.1/helper/logging/logging_http_transport.go:162 Cache-Control=max-age=0 Date="Sun, 20 Sep 2026 16:28:46 GMT" Expires="Sun, 20 Sep 2026 16:28:46 GMT" tf_http_op_type=response tf_http_res_status_reason="200 OK" timestamp=2026-09-20T10:28:46.847-0600
2026-09-20T10:28:46.848-0600 [DEBUG] provider.terraform-provider-proxmox_v0.112.0: Sending HTTP Request: @caller=/home/runner/go/pkg/mod/github.com/hashicorp/terraform-plugin-sdk/v2@v2.40.1/helper/logging/logging_http_transport.go:162 User-Agent=Go-http-client/1.1 tf_http_req_version=HTTP/1.1 tf_rpc=ApplyResourceChange Cookie="PVEAuthCookie=PVE:root@pam:6AB009BA::JQ22h3zzsauElFdxAYoWhS404moT4J8n0OJ+fSzX8diIFaJIIZXZAkJ3JAgVHS2n6HNO8WT899cTIVvCViS/iPTf1lNMTq3MFkq88iBA+QeAMUvQvYomZSv5Qb55Fj8y1RrNQ0+mPvMEj5YjSrAdNoGkBUdDavPhCeoRfq1KJLGetQadLR7j5qFPLrpm3K8YewKGByVLy4T4zGp17EsHcFKYkn5TTS1DOA8Gib9DCEO5YniHPIrk0gtbqxefpqOOJR89M9KmpwzE4e/ZCba6t6vrjX1tTlIEI3yXZp0HE/jI/h4T8ZBW8g2Dlm3xQ5Zqicmk62b6XFK/GAtnrJvsAw==" tf_http_req_body="" tf_http_trans_id=76e07a38-2ab3-a2b9-01ad-84b2f9d79c43 @module=proxmox Accept-Encoding=gzip tf_http_op_type=request tf_mux_provider=tf5to6server.v5tov6Server tf_req_id=c83bcd24-5353-a7d7-31e5-82674f01f821 tf_resource_type=proxmox_virtual_environment_vm Accept=application/json Host=pve:8006 tf_http_req_uri=/api2/json/nodes/pve/tasks/UPID:pve:000610F9:00E5E007:6AB009BE:resize:200:root@pam:/log tf_provider_addr=registry.terraform.io/bpg/proxmox tf_http_req_method=GET timestamp=2026-09-20T10:28:46.848-0600
2026-09-20T10:28:46.857-0600 [DEBUG] provider.terraform-provider-proxmox_v0.112.0: Received HTTP Response: tf_http_res_body="{\"data\":[{\"n\":1,\"t\":\"TASK ERROR: Configuration file 'nodes/pve/qemu-server/200.conf' does not exist\"}],\"total\":1}" tf_mux_provider=tf5to6server.v5tov6Server tf_http_op_type=response @caller=/home/runner/go/pkg/mod/github.com/hashicorp/terraform-plugin-sdk/v2@v2.40.1/helper/logging/logging_http_transport.go:162 Content-Length=113 Pragma=no-cache tf_http_trans_id=76e07a38-2ab3-a2b9-01ad-84b2f9d79c43 tf_rpc=ApplyResourceChange Cache-Control=max-age=0 Content-Type=application/json;charset=UTF-8 Expires="Sun, 20 Sep 2026 16:28:47 GMT" tf_http_res_status_code=200 tf_http_res_status_reason="200 OK" tf_http_res_version=HTTP/1.1 tf_resource_type=proxmox_virtual_environment_vm @module=proxmox Date="Sun, 20 Sep 2026 16:28:47 GMT" tf_provider_addr=registry.terraform.io/bpg/proxmox tf_req_id=c83bcd24-5353-a7d7-31e5-82674f01f821 Server=pve-api-daemon/3.0 timestamp=2026-09-20T10:28:46.857-0600
2026-09-20T10:28:46.857-0600 [WARN]  provider.terraform-provider-proxmox_v0.112.0: retrying VM disk resize: @caller=/home/runner/work/terraform-provider-proxmox/terraform-provider-proxmox/proxmox/retry/retry.go:204 @module=proxmox attempt=2 tf_mux_provider=tf5to6server.v5tov6Server tf_provider_addr=registry.terraform.io/bpg/proxmox tf_req_id=c83bcd24-5353-a7d7-31e5-82674f01f821
  error=
  | task "UPID:pve:000610F9:00E5E007:6AB009BE:resize:200:root@pam:" failed to complete with exit code: Configuration file 'nodes/pve/qemu-server/200.conf' does not exist
  | task log:
  |   TASK ERROR: Configuration file 'nodes/pve/qemu-server/200.conf' does not exist
   tf_resource_type=proxmox_virtual_environment_vm tf_rpc=ApplyResourceChange timestamp=2026-09-20T10:28:46.857-0600
2026-09-20T10:28:50.860-0600 [DEBUG] provider.terraform-provider-proxmox_v0.112.0: Sending HTTP Request: Cookie="PVEAuthCookie=PVE:root@pam:6AB009BA::JQ22h3zzsauElFdxAYoWhS404moT4J8n0OJ+fSzX8diIFaJIIZXZAkJ3JAgVHS2n6HNO8WT899cTIVvCViS/iPTf1lNMTq3MFkq88iBA+QeAMUvQvYomZSv5Qb55Fj8y1RrNQ0+mPvMEj5YjSrAdNoGkBUdDavPhCeoRfq1KJLGetQadLR7j5qFPLrpm3K8YewKGByVLy4T4zGp17EsHcFKYkn5TTS1DOA8Gib9DCEO5YniHPIrk0gtbqxefpqOOJR89M9KmpwzE4e/ZCba6t6vrjX1tTlIEI3yXZp0HE/jI/h4T8ZBW8g2Dlm3xQ5Zqicmk62b6XFK/GAtnrJvsAw==" tf_http_req_body="disk=scsi0&size=21474836480" tf_http_req_method=PUT tf_provider_addr=registry.terraform.io/bpg/proxmox tf_resource_type=proxmox_virtual_environment_vm Host=pve:8006 User-Agent=Go-http-client/1.1 tf_http_req_uri=/api2/json/nodes/pve/qemu/200/resize tf_mux_provider=tf5to6server.v5tov6Server tf_req_id=c83bcd24-5353-a7d7-31e5-82674f01f821 Accept=application/json tf_rpc=ApplyResourceChange @module=proxmox Accept-Encoding=gzip Content-Length=27 Csrfpreventiontoken=6AB009BA:tBTzPNVCDv8FhcLOIiODuVSyqFr7KvfzqqgdyqpxsiQ tf_http_op_type=request tf_http_req_version=HTTP/1.1 tf_http_trans_id=7709100c-57cc-85c7-5084-c291e150a8d1 @caller=/home/runner/go/pkg/mod/github.com/hashicorp/terraform-plugin-sdk/v2@v2.40.1/helper/logging/logging_http_transport.go:162 Content-Type=application/x-www-form-urlencoded timestamp=2026-09-20T10:28:50.860-0600
2026-09-20T10:28:50.884-0600 [DEBUG] provider.terraform-provider-proxmox_v0.112.0: Received HTTP Response: tf_req_id=c83bcd24-5353-a7d7-31e5-82674f01f821 tf_rpc=ApplyResourceChange @module=proxmox Cache-Control=max-age=0 Content-Type=application/json;charset=UTF-8 Server=pve-api-daemon/3.0 tf_http_res_body="{\"data\":\"UPID:pve:0006110D:00E5E19C:6AB009C3:resize:200:root@pam:\"}" tf_http_res_version=HTTP/1.1 tf_http_trans_id=7709100c-57cc-85c7-5084-c291e150a8d1 @caller=/home/runner/go/pkg/mod/github.com/hashicorp/terraform-plugin-sdk/v2@v2.40.1/helper/logging/logging_http_transport.go:162 Content-Length=67 Date="Sun, 20 Sep 2026 16:28:51 GMT" Expires="Sun, 20 Sep 2026 16:28:51 GMT" Pragma=no-cache tf_http_res_status_reason="200 OK" tf_mux_provider=tf5to6server.v5tov6Server tf_provider_addr=registry.terraform.io/bpg/proxmox tf_http_res_status_code=200 tf_resource_type=proxmox_virtual_environment_vm tf_http_op_type=response timestamp=2026-09-20T10:28:50.883-0600
2026-09-20T10:28:50.884-0600 [DEBUG] provider.terraform-provider-proxmox_v0.112.0: Sending HTTP Request: tf_rpc=ApplyResourceChange User-Agent=Go-http-client/1.1 tf_mux_provider=tf5to6server.v5tov6Server tf_req_id=c83bcd24-5353-a7d7-31e5-82674f01f821 @caller=/home/runner/go/pkg/mod/github.com/hashicorp/terraform-plugin-sdk/v2@v2.40.1/helper/logging/logging_http_transport.go:162 Host=pve:8006 tf_provider_addr=registry.terraform.io/bpg/proxmox @module=proxmox Cookie="PVEAuthCookie=PVE:root@pam:6AB009BA::JQ22h3zzsauElFdxAYoWhS404moT4J8n0OJ+fSzX8diIFaJIIZXZAkJ3JAgVHS2n6HNO8WT899cTIVvCViS/iPTf1lNMTq3MFkq88iBA+QeAMUvQvYomZSv5Qb55Fj8y1RrNQ0+mPvMEj5YjSrAdNoGkBUdDavPhCeoRfq1KJLGetQadLR7j5qFPLrpm3K8YewKGByVLy4T4zGp17EsHcFKYkn5TTS1DOA8Gib9DCEO5YniHPIrk0gtbqxefpqOOJR89M9KmpwzE4e/ZCba6t6vrjX1tTlIEI3yXZp0HE/jI/h4T8ZBW8g2Dlm3xQ5Zqicmk62b6XFK/GAtnrJvsAw==" tf_http_op_type=request tf_http_req_body="" tf_http_req_version=HTTP/1.1 tf_resource_type=proxmox_virtual_environment_vm Accept=application/json Accept-Encoding=gzip tf_http_req_method=GET tf_http_req_uri=/api2/json/nodes/pve/tasks/UPID:pve:0006110D:00E5E19C:6AB009C3:resize:200:root@pam:/status tf_http_trans_id=248ffbf7-8a77-6bf8-7c18-f27a38314b92 timestamp=2026-09-20T10:28:50.884-0600
2026-09-20T10:28:50.895-0600 [DEBUG] provider.terraform-provider-proxmox_v0.112.0: Received HTTP Response: @caller=/home/runner/go/pkg/mod/github.com/hashicorp/terraform-plugin-sdk/v2@v2.40.1/helper/logging/logging_http_transport.go:162 tf_http_op_type=response tf_http_res_status_code=200 tf_provider_addr=registry.terraform.io/bpg/proxmox tf_req_id=c83bcd24-5353-a7d7-31e5-82674f01f821 tf_resource_type=proxmox_virtual_environment_vm @module=proxmox Content-Type=application/json;charset=UTF-8 Expires="Sun, 20 Sep 2026 16:28:51 GMT" Server=pve-api-daemon/3.0 tf_http_res_body="{\"data\":{\"pid\":397581,\"upid\":\"UPID:pve:0006110D:00E5E19C:6AB009C3:resize:200:root@pam:\",\"starttime\":1789921731,\"type\":\"resize\",\"pstart\":15065500,\"node\":\"pve\",\"id\":\"200\",\"exitstatus\":\"Configuration file 'nodes/pve/qemu-server/200.conf' does not exist\",\"status\":\"stopped\",\"user\":\"root@pam\"}}" tf_mux_provider=tf5to6server.v5tov6Server Content-Length=289 Date="Sun, 20 Sep 2026 16:28:51 GMT" Pragma=no-cache tf_http_res_status_reason="200 OK" tf_http_res_version=HTTP/1.1 Cache-Control=max-age=0 tf_http_trans_id=248ffbf7-8a77-6bf8-7c18-f27a38314b92 tf_rpc=ApplyResourceChange timestamp=2026-09-20T10:28:50.895-0600
2026-09-20T10:28:50.895-0600 [DEBUG] provider.terraform-provider-proxmox_v0.112.0: Sending HTTP Request: tf_http_req_body="" @caller=/home/runner/go/pkg/mod/github.com/hashicorp/terraform-plugin-sdk/v2@v2.40.1/helper/logging/logging_http_transport.go:162 Accept=application/json tf_http_op_type=request tf_req_id=c83bcd24-5353-a7d7-31e5-82674f01f821 tf_resource_type=proxmox_virtual_environment_vm Accept-Encoding=gzip tf_http_req_method=GET tf_http_req_version=HTTP/1.1 tf_mux_provider=tf5to6server.v5tov6Server tf_rpc=ApplyResourceChange Cookie="PVEAuthCookie=PVE:root@pam:6AB009BA::JQ22h3zzsauElFdxAYoWhS404moT4J8n0OJ+fSzX8diIFaJIIZXZAkJ3JAgVHS2n6HNO8WT899cTIVvCViS/iPTf1lNMTq3MFkq88iBA+QeAMUvQvYomZSv5Qb55Fj8y1RrNQ0+mPvMEj5YjSrAdNoGkBUdDavPhCeoRfq1KJLGetQadLR7j5qFPLrpm3K8YewKGByVLy4T4zGp17EsHcFKYkn5TTS1DOA8Gib9DCEO5YniHPIrk0gtbqxefpqOOJR89M9KmpwzE4e/ZCba6t6vrjX1tTlIEI3yXZp0HE/jI/h4T8ZBW8g2Dlm3xQ5Zqicmk62b6XFK/GAtnrJvsAw==" Host=pve:8006 tf_http_trans_id=3ef333ad-11bf-6048-92ab-0c0e938f6e04 tf_provider_addr=registry.terraform.io/bpg/proxmox @module=proxmox User-Agent=Go-http-client/1.1 tf_http_req_uri=/api2/json/nodes/pve/tasks/UPID:pve:0006110D:00E5E19C:6AB009C3:resize:200:root@pam:/log timestamp=2026-09-20T10:28:50.895-0600
2026-09-20T10:28:50.905-0600 [DEBUG] provider.terraform-provider-proxmox_v0.112.0: Received HTTP Response: Content-Type=application/json;charset=UTF-8 tf_http_op_type=response tf_rpc=ApplyResourceChange Pragma=no-cache tf_http_res_status_reason="200 OK" tf_http_res_version=HTTP/1.1 tf_req_id=c83bcd24-5353-a7d7-31e5-82674f01f821 tf_resource_type=proxmox_virtual_environment_vm Cache-Control=max-age=0 Content-Length=113 Server=pve-api-daemon/3.0 tf_http_res_status_code=200 tf_http_trans_id=3ef333ad-11bf-6048-92ab-0c0e938f6e04 tf_provider_addr=registry.terraform.io/bpg/proxmox @module=proxmox Date="Sun, 20 Sep 2026 16:28:51 GMT" Expires="Sun, 20 Sep 2026 16:28:51 GMT" tf_http_res_body="{\"data\":[{\"n\":1,\"t\":\"TASK ERROR: Configuration file 'nodes/pve/qemu-server/200.conf' does not exist\"}],\"total\":1}" tf_mux_provider=tf5to6server.v5tov6Server @caller=/home/runner/go/pkg/mod/github.com/hashicorp/terraform-plugin-sdk/v2@v2.40.1/helper/logging/logging_http_transport.go:162 timestamp=2026-09-20T10:28:50.905-0600
2026-09-20T10:28:50.905-0600 [WARN]  provider.terraform-provider-proxmox_v0.112.0: retrying VM disk resize: tf_provider_addr=registry.terraform.io/bpg/proxmox tf_rpc=ApplyResourceChange @caller=/home/runner/work/terraform-provider-proxmox/terraform-provider-proxmox/proxmox/retry/retry.go:204 @module=proxmox
  error=
  | task "UPID:pve:0006110D:00E5E19C:6AB009C3:resize:200:root@pam:" failed to complete with exit code: Configuration file 'nodes/pve/qemu-server/200.conf' does not exist
  | task log:
  |   TASK ERROR: Configuration file 'nodes/pve/qemu-server/200.conf' does not exist
   tf_req_id=c83bcd24-5353-a7d7-31e5-82674f01f821 tf_resource_type=proxmox_virtual_environment_vm attempt=3 tf_mux_provider=tf5to6server.v5tov6Server timestamp=2026-09-20T10:28:50.905-0600
[0m[1mmodule.ubuntu-2604.proxmox_virtual_environment_vm.ubuntu-2604: Still creating... [00m10s elapsed][0m[0m
2026-09-20T10:28:58.908-0600 [DEBUG] provider.terraform-provider-proxmox_v0.112.0: Sending HTTP Request: @caller=/home/runner/go/pkg/mod/github.com/hashicorp/terraform-plugin-sdk/v2@v2.40.1/helper/logging/logging_http_transport.go:162 Accept-Encoding=gzip User-Agent=Go-http-client/1.1 tf_http_op_type=request tf_http_trans_id=4ff02e06-0960-9a25-1946-bbc87fb877c5 tf_provider_addr=registry.terraform.io/bpg/proxmox tf_req_id=c83bcd24-5353-a7d7-31e5-82674f01f821 @module=proxmox Accept=application/json Content-Length=27 Csrfpreventiontoken=6AB009BA:tBTzPNVCDv8FhcLOIiODuVSyqFr7KvfzqqgdyqpxsiQ tf_resource_type=proxmox_virtual_environment_vm tf_http_req_method=PUT tf_http_req_uri=/api2/json/nodes/pve/qemu/200/resize tf_rpc=ApplyResourceChange Host=pve:8006 Content-Type=application/x-www-form-urlencoded Cookie="PVEAuthCookie=PVE:root@pam:6AB009BA::JQ22h3zzsauElFdxAYoWhS404moT4J8n0OJ+fSzX8diIFaJIIZXZAkJ3JAgVHS2n6HNO8WT899cTIVvCViS/iPTf1lNMTq3MFkq88iBA+QeAMUvQvYomZSv5Qb55Fj8y1RrNQ0+mPvMEj5YjSrAdNoGkBUdDavPhCeoRfq1KJLGetQadLR7j5qFPLrpm3K8YewKGByVLy4T4zGp17EsHcFKYkn5TTS1DOA8Gib9DCEO5YniHPIrk0gtbqxefpqOOJR89M9KmpwzE4e/ZCba6t6vrjX1tTlIEI3yXZp0HE/jI/h4T8ZBW8g2Dlm3xQ5Zqicmk62b6XFK/GAtnrJvsAw==" tf_http_req_body="disk=scsi0&size=21474836480" tf_http_req_version=HTTP/1.1 tf_mux_provider=tf5to6server.v5tov6Server timestamp=2026-09-20T10:28:58.908-0600
2026-09-20T10:28:58.937-0600 [DEBUG] provider.terraform-provider-proxmox_v0.112.0: Received HTTP Response: Server=pve-api-daemon/3.0 tf_http_res_status_reason="200 OK" tf_http_trans_id=4ff02e06-0960-9a25-1946-bbc87fb877c5 Content-Type=application/json;charset=UTF-8 Expires="Sun, 20 Sep 2026 16:28:59 GMT" Pragma=no-cache tf_http_res_status_code=200 tf_mux_provider=tf5to6server.v5tov6Server tf_resource_type=proxmox_virtual_environment_vm tf_rpc=ApplyResourceChange @module=proxmox Content-Length=67 Date="Sun, 20 Sep 2026 16:28:59 GMT" tf_http_res_body="{\"data\":\"UPID:pve:00061125:00E5E4C1:6AB009CB:resize:200:root@pam:\"}" tf_provider_addr=registry.terraform.io/bpg/proxmox tf_req_id=c83bcd24-5353-a7d7-31e5-82674f01f821 tf_http_op_type=response tf_http_res_version=HTTP/1.1 @caller=/home/runner/go/pkg/mod/github.com/hashicorp/terraform-plugin-sdk/v2@v2.40.1/helper/logging/logging_http_transport.go:162 Cache-Control=max-age=0 timestamp=2026-09-20T10:28:58.937-0600
2026-09-20T10:28:58.938-0600 [DEBUG] provider.terraform-provider-proxmox_v0.112.0: Sending HTTP Request: Accept-Encoding=gzip Cookie="PVEAuthCookie=PVE:root@pam:6AB009BA::JQ22h3zzsauElFdxAYoWhS404moT4J8n0OJ+fSzX8diIFaJIIZXZAkJ3JAgVHS2n6HNO8WT899cTIVvCViS/iPTf1lNMTq3MFkq88iBA+QeAMUvQvYomZSv5Qb55Fj8y1RrNQ0+mPvMEj5YjSrAdNoGkBUdDavPhCeoRfq1KJLGetQadLR7j5qFPLrpm3K8YewKGByVLy4T4zGp17EsHcFKYkn5TTS1DOA8Gib9DCEO5YniHPIrk0gtbqxefpqOOJR89M9KmpwzE4e/ZCba6t6vrjX1tTlIEI3yXZp0HE/jI/h4T8ZBW8g2Dlm3xQ5Zqicmk62b6XFK/GAtnrJvsAw==" tf_http_req_body="" tf_req_id=c83bcd24-5353-a7d7-31e5-82674f01f821 tf_http_req_uri=/api2/json/nodes/pve/tasks/UPID:pve:00061125:00E5E4C1:6AB009CB:resize:200:root@pam:/status tf_http_req_version=HTTP/1.1 tf_mux_provider=tf5to6server.v5tov6Server @module=proxmox Host=pve:8006 tf_http_trans_id=3877f04f-202a-5885-fab4-38a6533a235b tf_resource_type=proxmox_virtual_environment_vm Accept=application/json User-Agent=Go-http-client/1.1 tf_http_op_type=request tf_http_req_method=GET tf_provider_addr=registry.terraform.io/bpg/proxmox tf_rpc=ApplyResourceChange @caller=/home/runner/go/pkg/mod/github.com/hashicorp/terraform-plugin-sdk/v2@v2.40.1/helper/logging/logging_http_transport.go:162 timestamp=2026-09-20T10:28:58.938-0600
2026-09-20T10:28:58.949-0600 [DEBUG] provider.terraform-provider-proxmox_v0.112.0: Received HTTP Response: Content-Type=application/json;charset=UTF-8 tf_resource_type=proxmox_virtual_environment_vm @caller=/home/runner/go/pkg/mod/github.com/hashicorp/terraform-plugin-sdk/v2@v2.40.1/helper/logging/logging_http_transport.go:162 Server=pve-api-daemon/3.0 tf_http_res_status_code=200 tf_http_trans_id=3877f04f-202a-5885-fab4-38a6533a235b tf_provider_addr=registry.terraform.io/bpg/proxmox tf_req_id=c83bcd24-5353-a7d7-31e5-82674f01f821 tf_rpc=ApplyResourceChange Content-Length=289 tf_http_op_type=response tf_http_res_body="{\"data\":{\"pstart\":15066305,\"type\":\"resize\",\"starttime\":1789921739,\"upid\":\"UPID:pve:00061125:00E5E4C1:6AB009CB:resize:200:root@pam:\",\"pid\":397605,\"status\":\"stopped\",\"user\":\"root@pam\",\"exitstatus\":\"Configuration file 'nodes/pve/qemu-server/200.conf' does not exist\",\"id\":\"200\",\"node\":\"pve\"}}" @module=proxmox Date="Sun, 20 Sep 2026 16:28:59 GMT" Expires="Sun, 20 Sep 2026 16:28:59 GMT" Pragma=no-cache tf_http_res_status_reason="200 OK" tf_http_res_version=HTTP/1.1 tf_mux_provider=tf5to6server.v5tov6Server Cache-Control=max-age=0 timestamp=2026-09-20T10:28:58.949-0600
2026-09-20T10:28:58.949-0600 [DEBUG] provider.terraform-provider-proxmox_v0.112.0: Sending HTTP Request: tf_http_req_body="" Accept-Encoding=gzip tf_http_req_version=HTTP/1.1 tf_http_trans_id=558c4886-c359-8fde-ec7c-9a5c982df8aa tf_req_id=c83bcd24-5353-a7d7-31e5-82674f01f821 tf_resource_type=proxmox_virtual_environment_vm @caller=/home/runner/go/pkg/mod/github.com/hashicorp/terraform-plugin-sdk/v2@v2.40.1/helper/logging/logging_http_transport.go:162 Cookie="PVEAuthCookie=PVE:root@pam:6AB009BA::JQ22h3zzsauElFdxAYoWhS404moT4J8n0OJ+fSzX8diIFaJIIZXZAkJ3JAgVHS2n6HNO8WT899cTIVvCViS/iPTf1lNMTq3MFkq88iBA+QeAMUvQvYomZSv5Qb55Fj8y1RrNQ0+mPvMEj5YjSrAdNoGkBUdDavPhCeoRfq1KJLGetQadLR7j5qFPLrpm3K8YewKGByVLy4T4zGp17EsHcFKYkn5TTS1DOA8Gib9DCEO5YniHPIrk0gtbqxefpqOOJR89M9KmpwzE4e/ZCba6t6vrjX1tTlIEI3yXZp0HE/jI/h4T8ZBW8g2Dlm3xQ5Zqicmk62b6XFK/GAtnrJvsAw==" tf_http_req_uri=/api2/json/nodes/pve/tasks/UPID:pve:00061125:00E5E4C1:6AB009CB:resize:200:root@pam:/log @module=proxmox tf_http_req_method=GET tf_mux_provider=tf5to6server.v5tov6Server tf_provider_addr=registry.terraform.io/bpg/proxmox tf_rpc=ApplyResourceChange Accept=application/json Host=pve:8006 User-Agent=Go-http-client/1.1 tf_http_op_type=request timestamp=2026-09-20T10:28:58.949-0600
2026-09-20T10:28:58.959-0600 [DEBUG] provider.terraform-provider-proxmox_v0.112.0: Received HTTP Response: tf_http_res_version=HTTP/1.1 tf_provider_addr=registry.terraform.io/bpg/proxmox @module=proxmox Cache-Control=max-age=0 Content-Type=application/json;charset=UTF-8 Server=pve-api-daemon/3.0 tf_http_res_body="{\"total\":1,\"data\":[{\"n\":1,\"t\":\"TASK ERROR: Configuration file 'nodes/pve/qemu-server/200.conf' does not exist\"}]}" tf_http_res_status_reason="200 OK" Pragma=no-cache tf_http_op_type=response tf_http_res_status_code=200 tf_http_trans_id=558c4886-c359-8fde-ec7c-9a5c982df8aa tf_req_id=c83bcd24-5353-a7d7-31e5-82674f01f821 tf_rpc=ApplyResourceChange Content-Length=113 Date="Sun, 20 Sep 2026 16:28:59 GMT" tf_mux_provider=tf5to6server.v5tov6Server tf_resource_type=proxmox_virtual_environment_vm @caller=/home/runner/go/pkg/mod/github.com/hashicorp/terraform-plugin-sdk/v2@v2.40.1/helper/logging/logging_http_transport.go:162 Expires="Sun, 20 Sep 2026 16:28:59 GMT" timestamp=2026-09-20T10:28:58.959-0600
2026-09-20T10:28:58.959-0600 [WARN]  provider.terraform-provider-proxmox_v0.112.0: retrying VM disk resize: @caller=/home/runner/work/terraform-provider-proxmox/terraform-provider-proxmox/proxmox/retry/retry.go:204 attempt=4 tf_mux_provider=tf5to6server.v5tov6Server tf_provider_addr=registry.terraform.io/bpg/proxmox tf_req_id=c83bcd24-5353-a7d7-31e5-82674f01f821 @module=proxmox
  error=
  | task "UPID:pve:00061125:00E5E4C1:6AB009CB:resize:200:root@pam:" failed to complete with exit code: Configuration file 'nodes/pve/qemu-server/200.conf' does not exist
  | task log:
  |   TASK ERROR: Configuration file 'nodes/pve/qemu-server/200.conf' does not exist
   tf_resource_type=proxmox_virtual_environment_vm tf_rpc=ApplyResourceChange timestamp=2026-09-20T10:28:58.959-0600
2026-09-20T10:28:58.960-0600 [ERROR] provider.terraform-provider-proxmox_v0.112.0: Response contains error diagnostic:
  diagnostic_detail=
  | task "UPID:pve:00061125:00E5E4C1:6AB009CB:resize:200:root@pam:" failed to complete with exit code: Configuration file 'nodes/pve/qemu-server/200.conf' does not exist
  | task log:
  |   TASK ERROR: Configuration file 'nodes/pve/qemu-server/200.conf' does not exist
   diagnostic_severity=ERROR tf_req_id=c83bcd24-5353-a7d7-31e5-82674f01f821 tf_resource_type=proxmox_virtual_environment_vm @module=sdk.proto diagnostic_summary="VM disk resize" tf_proto_version=6.11 tf_provider_addr=registry.terraform.io/bpg/proxmox tf_rpc=ApplyResourceChange @caller=/home/runner/go/pkg/mod/github.com/hashicorp/terraform-plugin-go@v0.31.0/tfprotov6/internal/diag/diagnostics.go:58 timestamp=2026-09-20T10:28:58.960-0600
2026-09-20T10:28:58.965-0600 [DEBUG] State storage *statemgr.Filesystem declined to persist a state snapshot
2026-09-20T10:28:58.965-0600 [ERROR] vertex "module.ubuntu-2604.proxmox_virtual_environment_vm.ubuntu-2604" error: VM disk resize
[33m╷[0m[0m
[33m│[0m [0m[1m[33mWarning: [0m[0m[1mDeprecated value used[0m
[33m│[0m [0m
[33m│[0m [0m[0m  with module.ubuntu-2604.proxmox_virtual_environment_vm.ubuntu-2604,
[33m│[0m [0m  on ../modules/ubuntu-2604/main.tf line 46, in resource "proxmox_virtual_environment_vm" "ubuntu-2604":
[33m│[0m [0m  46:     import_from  = [4mproxmox_virtual_environment_download_file.ubuntu-2604.id[0m[0m
[33m│[0m [0m
[33m│[0m [0m  The deprecation originates from module.ubuntu-2604.proxmox_virtual_environment_download_file.ubuntu-2604
[33m│[0m [0m
[33m│[0m [0mUse "proxmox_download_file" instead. This resource / data source will be
[33m│[0m [0mremoved in v1.0.
[33m╵[0m[0m
[31m╷[0m[0m
[31m│[0m [0m[1m[31mError: [0m[0m[1mVM disk resize[0m
[31m│[0m [0m
[31m│[0m [0m[0m  with module.ubuntu-2604.proxmox_virtual_environment_vm.ubuntu-2604,
[31m│[0m [0m  on ../modules/ubuntu-2604/main.tf line 19, in resource "proxmox_virtual_environment_vm" "ubuntu-2604":
[31m│[0m [0m  19: resource "proxmox_virtual_environment_vm" "ubuntu-2604" [4m{[0m[0m
[31m│[0m [0m
[31m│[0m [0mtask "UPID:pve:00061125:00E5E4C1:6AB009CB:resize:200:root@pam:" failed to
[31m│[0m [0mcomplete with exit code: Configuration file
[31m│[0m [0m'nodes/pve/qemu-server/200.conf' does not exist
[31m│[0m [0mtask log:
[31m│[0m [0m  TASK ERROR: Configuration file 'nodes/pve/qemu-server/200.conf' does not exist
[31m╵[0m[0m
2026-09-20T10:28:58.970-0600 [DEBUG] provider.stdio: received EOF, stopping recv loop: err="rpc error: code = Unavailable desc = error reading from server: EOF"
2026-09-20T10:28:58.972-0600 [INFO]  provider: plugin process exited: plugin=.terraform/providers/registry.terraform.io/bpg/proxmox/0.112.0/linux_amd64/terraform-provider-proxmox_v0.112.0 id=24362
2026-09-20T10:28:58.972-0600 [DEBUG] provider: plugin exited
